code,date,event_type,municipality_id_before,municipality_id_after
7,1973-12-01,編入,M00002,M00002
8,1973-12-01,編入,M00032,M00002
9,2004-12-01,編入,M00002,M00002
10,2004-12-01,編入,M00052,M00002
11,2004-12-01,編入,M00054,M00002
12,2004-12-01,編入,M00055,M00002
13,2004-12-01,編入,M00056,M00002
14,1971-03-02,編入,M00004,M00004
15,1971-03-02,編入,M00113,M00004
16,2005-10-11,新設,M00006,M00006
17,2005-10-11,新設,M00228,M00006
18,2005-10-11,新設,M00231,M00006
19,2006-03-05,新設,M00008,M00008
20,2006-03-05,新設,M00159,M00008
21,2006-03-05,新設,M00162,M00008
22,2006-03-05,新設,M00164,M00008
23,2006-03-27,編入,M00010,M00010
24,2006-03-27,編入,M00095,M00010
25,2006-03-27,編入,M00096,M00010
26,2005-09-01,新設,M00020,M00020
27,2005-09-01,新設,M00128,M00020
28,2006-03-27,新設,M00021,M00021
29,2006-03-27,新設,M00129,M00021
30,1971-04-01,新設,M00025,M00025
31,1971-04-01,新設,M00100,M00025
32,1970-08-01,市制施行,M00030,M00030
33,1970-11-01,市制施行,M00031,M00031
34,1971-11-01,市制施行,M00032,M00032
35,1972-04-01,市制施行,M00033,M00033
36,2006-03-01,編入,M00033,M00033
37,2006-03-01,編入,M00179,M00033
38,1996-09-01,市制施行,M00034,M00034
39,1996-09-01,市制施行,M00035,M00035
40,2005-10-01,編入,M00035,M00035
41,2005-10-01,編入,M00041,M00035
42,2005-10-01,編入,M00042,M00035
43,2006-02-01,新設,M00048,M00036
44,2006-02-01,新設,M00049,M00036
45,1985-04-01,名称変更,M00054,M00054
46,1983-12-01,町制施行,M00058,M00058
47,1970-09-01,町制施行,M00060,M00060
48,2005-04-01,新設,M00060,M00061
49,2005-04-01,新設,M00061,M00061
50,2005-10-01,新設,M00062,M00062
51,2005-10-01,新設,M00068,M00062
52,2005-09-01,新設,M00069,M00074
53,2005-09-01,新設,M00071,M00074
54,2005-09-01,新設,M00072,M00074
55,1971-04-01,町制施行,M00086,M00086
56,2006-03-20,新設,M00145,M00145
57,2006-03-20,新設,M00146,M00145
58,1990-09-30,名称変更,M00150,M00150
59,2006-03-31,新設,M00152,M00175
60,2006-03-31,新設,M00153,M00175
61,2005-10-01,新設,M00165,M00166
62,2005-10-01,新設,M00166,M00166
63,2005-10-01,新設,M00167,M00166
64,2005-10-01,新設,M00168,M00166
65,2009-10-05,新設,M00169,M00170
66,2009-10-05,新設,M00170,M00170
67,2006-03-27,新設,M00177,M00189
68,2006-03-27,新設,M00178,M00189
69,2006-03-27,新設,M00184,M00190
70,2006-03-27,新設,M00185,M00190
71,2006-03-27,新設,M00187,M00191
72,2006-03-27,新設,M00188,M00191
73,2006-03-01,新設,M00192,M00192
74,2006-03-01,新設,M00194,M00192
75,2006-03-31,新設,M00196,M00202
76,2006-03-31,新設,M00197,M00202
77,1970-10-01,名称変更,M00200,M00200
78,2006-02-06,編入,M00212,M00215
79,2006-02-06,編入,M00215,M00215
80,1980-04-01,町制施行,M00223,M00223
81,1971-04-01,町制施行,M00233,M00233
82,2005-04-01,新設,M00243,M00243
83,2005-04-01,新設,M00274,M00243
84,2006-02-27,新設,M00244,M00244
85,2006-02-27,新設,M00268,M00244
86,2006-02-27,新設,M00269,M00244
87,2005-03-31,編入,M00245,M00245
88,2005-03-31,編入,M00314,M00245
89,2005-03-28,新設,M00247,M00247
90,2005-03-28,新設,M00280,M00247
91,2005-03-28,新設,M00283,M00247
92,2005-01-01,新設,M00248,M00248
93,2005-01-01,新設,M00289,M00248
94,2005-03-14,編入,M00250,M00250
95,2005-03-14,編入,M00299,M00250
96,2005-03-14,編入,M00300,M00250
97,2005-03-14,編入,M00305,M00250
98,2005-02-11,新設,M00261,M00251
99,2005-02-11,新設,M00263,M00251
100,2005-02-11,新設,M00265,M00251
101,2005-02-11,新設,M00266,M00251
102,2005-02-11,新設,M00267,M00251
103,2006-01-01,新設,M00273,M00252
104,2006-01-01,新設,M00275,M00252
105,2006-01-01,新設,M00278,M00252
106,2005-03-28,新設,M00254,M00259
107,2005-03-28,新設,M00257,M00259
108,2005-03-28,新設,M00258,M00259
109,2005-03-31,新設,M00262,M00262
110,2005-03-31,新設,M00264,M00262
111,2005-03-28,新設,M00271,M00271
112,2005-03-28,新設,M00276,M00271
113,2005-03-28,新設,M00281,M00285
114,2005-03-28,新設,M00284,M00285
115,2005-03-31,新設,M00287,M00287
116,2005-03-31,新設,M00295,M00287
117,2006-03-01,新設,M00288,M00298
118,2006-03-01,新設,M00296,M00298
119,1975-04-01,名称変更,M00289,M00289
120,2005-03-31,新設,M00293,M00294
121,2005-03-31,新設,M00294,M00294
122,2004-07-01,編入,M00307,M00307
123,2004-07-01,編入,M00315,M00307
124,2006-01-01,新設,M00309,M00310
125,2006-01-01,新設,M00310,M00310
126,2006-01-01,新設,M00313,M00310
127,1980-05-01,町制施行,M00312,M00312
128,1992-04-01,編入,M00317,M00317
129,1992-04-01,編入,M00343,M00317
130,2006-01-10,編入,M00317,M00317
131,2006-01-10,編入,M00339,M00317
132,2005-06-06,新設,M00318,M00318
133,2005-06-06,新設,M00368,M00318
134,2005-06-06,新設,M00373,M00318
135,2010-01-01,編入,M00318,M00318
136,2010-01-01,編入,M00374,M00318
137,2001-11-15,編入,M00319,M00319
138,2001-11-15,編入,M00365,M00319
139,2006-02-20,新設,M00320,M00331
140,2006-02-20,新設,M00328,M00331
141,2006-02-20,新設,M00353,M00331
142,2006-02-20,新設,M00354,M00331
143,2006-02-20,新設,M00355,M00331
144,2006-01-01,新設,M00321,M00321
145,2006-01-01,新設,M00344,M00321
146,2006-01-01,新設,M00345,M00321
147,2006-01-01,新設,M00346,M00321
148,1991-04-01,新設,M00322,M00322
149,1991-04-01,新設,M00347,M00322
150,1991-04-01,新設,M00349,M00322
151,2006-03-06,新設,M00323,M00323
152,2006-03-06,新設,M00378,M00323
153,2005-10-01,新設,M00324,M00324
154,2005-10-01,新設,M00367,M00324
155,2005-09-20,新設,M00325,M00325
156,2005-09-20,新設,M00356,M00325
157,2005-09-20,新設,M00358,M00325
158,2005-09-20,新設,M00360,M00325
159,2005-09-20,新設,M00361,M00325
160,2005-09-20,新設,M00362,M00325
161,2005-09-20,新設,M00363,M00325
162,2011-09-26,編入,M00325,M00325
163,2011-09-26,編入,M00359,M00325
164,1972-04-01,新設,M00383,M00329
165,1972-04-01,新設,M00386,M00329
166,2006-01-01,新設,M00329,M00329
167,2006-01-01,新設,M00382,M00329
168,2005-09-01,新設,M00336,M00330
169,2005-09-01,新設,M00338,M00330
170,2005-09-01,新設,M00340,M00330
171,2014-01-01,市制施行,M00332,M00332
172,2002-04-01,区域変更,M00384,M00340
173,2005-11-01,新設,M00348,M00351
174,2005-11-01,新設,M00350,M00351
175,2006-01-01,新設,M00376,M00381
176,2006-01-01,新設,M00379,M00381
177,1987-11-01,編入,M00387,M00387
178,1987-11-01,編入,M00418,M00387
179,1988-03-01,編入,M00387,M00387
180,1988-03-01,編入,M00396,M00387
181,1988-03-01,編入,M00413,M00387
182,2005-04-01,新設,M00388,M00388
183,2005-04-01,新設,M00458,M00388
184,2005-04-01,新設,M00460,M00388
185,2005-04-01,新設,M00461,M00388
186,2005-04-01,新設,M00462,M00388
187,2005-04-01,新設,M00464,M00388
188,2005-04-01,新設,M00466,M00388
189,2006-03-31,新設,M00390,M00401
190,2006-03-31,新設,M00430,M00401
191,2006-03-31,新設,M00431,M00401
192,2006-03-31,新設,M00432,M00401
193,2006-03-31,新設,M00433,M00401
194,2006-03-31,新設,M00434,M00401
195,2006-03-31,新設,M00436,M00401
196,2006-03-31,新設,M00391,M00391
197,2006-03-31,新設,M00470,M00391
198,2009-09-01,編入,M00391,M00391
199,2009-09-01,編入,M00469,M00391
200,1971-11-01,市制施行,M00395,M00395
201,1971-11-01,市制施行,M00396,M00396
202,1971-11-01,市制施行,M00397,M00397
203,2005-04-01,新設,M00450,M00398
204,2005-04-01,新設,M00451,M00398
205,2005-04-01,新設,M00452,M00398
206,2005-04-01,新設,M00453,M00398
207,2005-04-01,新設,M00454,M00398
208,2005-04-01,新設,M00455,M00398
209,2005-04-01,新設,M00456,M00398
210,2005-04-01,新設,M00457,M00398
211,2005-04-01,新設,M00468,M00398
212,2005-04-01,新設,M00440,M00399
213,2005-04-01,新設,M00441,M00399
214,2005-04-01,新設,M00442,M00399
215,2005-04-01,新設,M00443,M00399
216,2005-04-01,新設,M00444,M00399
217,2005-04-01,新設,M00445,M00399
218,2005-04-01,新設,M00446,M00399
219,2005-04-01,新設,M00447,M00399
220,2005-04-01,新設,M00448,M00399
221,2005-04-01,新設,M00449,M00399
222,2005-04-01,新設,M00459,M00400
223,2005-04-01,新設,M00463,M00400
224,2016-10-10,市制施行,M00402,M00402
225,2003-04-01,新設,M00424,M00429
226,2003-04-01,新設,M00425,M00429
227,2003-04-01,新設,M00426,M00429
228,1978-04-01,町制施行,M00428,M00428
229,2006-01-01,新設,M00437,M00439
230,2006-01-01,新設,M00438,M00439
231,2005-10-01,新設,M00467,M00472
232,2005-10-01,新設,M00471,M00472
233,2005-01-11,編入,M00473,M00473
234,2005-01-11,編入,M00518,M00473
235,2005-01-11,編入,M00520,M00473
236,2006-03-21,新設,M00474,M00474
237,2006-03-21,新設,M00501,M00474
238,2005-10-01,新設,M00475,M00475
239,2005-10-01,新設,M00550,M00475
240,2005-10-01,新設,M00551,M00475
241,2005-10-01,新設,M00552,M00475
242,2005-10-01,新設,M00553,M00475
243,2005-10-01,新設,M00554,M00475
244,2005-10-01,新設,M00555,M00475
245,2005-10-01,新設,M00556,M00475
246,2005-06-20,編入,M00476,M00476
247,2005-06-20,編入,M00494,M00476
248,2005-06-20,編入,M00497,M00476
249,2005-03-22,新設,M00477,M00482
250,2005-03-22,新設,M00524,M00482
251,2005-03-22,新設,M00525,M00482
252,2005-03-22,新設,M00526,M00482
253,2005-03-22,新設,M00528,M00482
254,2005-03-22,新設,M00530,M00482
255,2005-03-22,新設,M00532,M00482
256,2005-03-22,新設,M00533,M00482
257,2005-03-22,新設,M00478,M00478
258,2005-03-22,新設,M00516,M00478
259,2005-03-22,新設,M00479,M00479
260,2005-03-22,新設,M00557,M00479
261,2005-03-22,新設,M00558,M00479
262,2005-03-22,新設,M00561,M00479
263,2005-03-22,新設,M00480,M00484
264,2005-03-22,新設,M00534,M00484
265,2005-03-22,新設,M00535,M00484
266,2005-03-22,新設,M00538,M00484
267,2005-03-22,新設,M00540,M00484
268,2005-03-22,新設,M00541,M00484
269,2005-03-22,新設,M00543,M00484
270,2005-03-22,新設,M00545,M00484
271,1972-04-01,新設,M00488,M00481
272,1972-04-01,新設,M00489,M00481
273,1972-04-01,新設,M00491,M00481
274,1972-04-01,新設,M00492,M00481
275,2005-03-22,新設,M00510,M00483
276,2005-03-22,新設,M00512,M00483
277,2005-03-22,新設,M00513,M00483
278,2005-03-22,新設,M00493,M00485
279,2005-03-22,新設,M00495,M00485
280,2005-03-22,新設,M00496,M00485
281,2005-03-22,新設,M00498,M00485
282,2005-10-01,新設,M00521,M00486
283,2005-10-01,新設,M00522,M00486
284,2005-10-01,新設,M00523,M00486
285,2005-09-20,新設,M00536,M00487
286,2005-09-20,新設,M00539,M00487
287,2005-09-20,新設,M00544,M00487
288,2006-03-20,新設,M00500,M00507
289,2006-03-20,新設,M00503,M00507
290,2006-03-20,新設,M00504,M00507
291,2006-03-27,新設,M00502,M00508
292,2006-03-27,新設,M00506,M00508
293,1974-06-01,町制施行,M00515,M00515
294,1972-04-01,町制施行,M00520,M00520
295,1975-09-01,町制施行,M00528,M00528
296,1980-11-01,町制施行,M00530,M00530
297,1974-04-01,町制施行,M00532,M00532
298,2004-11-01,新設,M00537,M00549
299,2004-11-01,新設,M00547,M00549
300,2004-11-01,新設,M00548,M00549
301,1974-04-01,町制施行,M00543,M00543
302,1986-03-01,町制施行,M00547,M00547
303,2005-10-01,新設,M00564,M00564
304,2005-10-01,新設,M00596,M00564
305,2005-10-01,新設,M00597,M00564
306,2005-10-01,新設,M00598,M00564
307,2005-10-01,新設,M00600,M00564
308,2005-10-01,新設,M00602,M00564
309,2005-11-01,新設,M00565,M00565
310,2005-11-01,新設,M00604,M00565
311,2005-11-01,新設,M00605,M00565
312,2005-11-01,新設,M00606,M00565
313,2005-07-01,新設,M00594,M00601
314,2005-07-01,新設,M00595,M00601
315,2008-07-01,編入,M00607,M00607
316,2008-07-01,編入,M00629,M00607
317,2004-11-01,編入,M00608,M00608
318,2004-11-01,編入,M00648,M00608
319,2005-11-01,編入,M00608,M00608
320,2005-11-01,編入,M00661,M00608
321,2005-11-07,新設,M00611,M00611
322,2005-11-07,新設,M00671,M00611
323,2005-11-07,新設,M00672,M00611
324,2005-11-07,新設,M00676,M00611
325,2006-01-01,新設,M00612,M00618
326,2006-01-01,新設,M00704,M00618
327,2006-01-01,新設,M00705,M00618
328,2005-04-01,編入,M00613,M00613
329,2005-04-01,編入,M00636,M00613
330,2005-04-01,編入,M00638,M00613
331,2006-01-04,新設,M00614,M00614
332,2006-01-04,新設,M00649,M00614
333,2006-01-04,新設,M00651,M00614
334,2006-01-04,新設,M00652,M00614
335,2006-01-04,新設,M00654,M00614
336,2005-12-01,新設,M00616,M00616
337,2005-12-01,新設,M00630,M00616
338,2005-12-01,新設,M00634,M00616
339,2005-12-01,新設,M00635,M00616
340,2005-03-01,新設,M00689,M00617
341,2005-03-01,新設,M00690,M00617
342,2005-03-01,新設,M00691,M00617
343,2005-03-01,新設,M00692,M00617
344,2005-03-01,新設,M00693,M00617
345,2006-01-01,新設,M00622,M00619
346,2006-01-01,新設,M00624,M00619
347,2006-01-01,新設,M00625,M00619
348,2006-01-01,新設,M00626,M00619
349,2006-01-01,新設,M00627,M00619
350,2007-01-01,新設,M00632,M00620
351,2007-01-01,新設,M00633,M00620
352,2006-03-20,新設,M00640,M00647
353,2006-03-20,新設,M00642,M00647
354,2006-03-20,新設,M00644,M00647
355,2006-03-20,新設,M00645,M00647
356,1978-04-01,町制施行,M00661,M00661
357,2005-10-01,新設,M00662,M00669
358,2005-10-01,新設,M00663,M00669
359,2005-10-01,新設,M00665,M00669
360,1992-04-01,名称変更,M00663,M00663
361,1994-04-01,区域変更,M00681,M00686
362,1971-08-01,町制施行,M00703,M00703
363,1992-03-03,編入,M00707,M00707
364,1992-03-03,編入,M00744,M00707
365,2005-02-01,編入,M00707,M00707
366,2005-02-01,編入,M00748,M00707
367,2004-11-01,編入,M00708,M00708
368,2004-11-01,編入,M00770,M00708
369,2006-02-20,編入,M00709,M00709
370,2006-02-20,編入,M00803,M00709
371,2005-09-12,新設,M00710,M00710
372,2005-09-12,新設,M00821,M00710
373,2005-09-12,新設,M00824,M00710
374,2005-10-01,新設,M00711,M00711
375,2005-10-01,新設,M00800,M00711
376,2005-03-28,新設,M00712,M00734
377,2005-03-28,新設,M00812,M00734
378,2005-03-28,新設,M00813,M00734
379,2005-03-28,新設,M00816,M00734
380,1994-11-01,新設,M00715,M00728
381,1994-11-01,新設,M00720,M00728
382,2006-01-01,編入,M00716,M00716
383,2006-01-01,編入,M00819,M00716
384,2006-01-01,編入,M00717,M00717
385,2006-01-01,編入,M00820,M00717
386,2006-01-01,名称変更,M00717,M00717
387,2004-12-01,編入,M00719,M00719
388,2004-12-01,編入,M00766,M00719
389,2004-12-01,編入,M00767,M00719
390,2004-12-01,編入,M00768,M00719
391,2006-03-19,新設,M00723,M00723
392,2006-03-19,新設,M00754,M00723
393,2006-03-19,新設,M00755,M00723
394,1970-10-01,市制施行,M00724,M00724
395,2005-03-28,編入,M00724,M00724
396,2005-03-28,編入,M00830,M00724
397,1972-04-01,市制施行,M00725,M00725
398,2005-03-22,新設,M00725,M00735
399,2005-03-22,新設,M00825,M00735
400,1986-06-01,市制施行,M00726,M00726
401,1987-11-30,新設,M00804,M00727
402,1987-11-30,新設,M00805,M00727
403,1987-11-30,新設,M00809,M00727
404,1987-11-30,新設,M00811,M00727
405,1988-01-31,編入,M00727,M00727
406,1988-01-31,編入,M00810,M00727
407,2002-11-01,編入,M00727,M00727
408,2002-11-01,編入,M00789,M00727
409,1995-09-01,市制施行,M00729,M00729
410,2001-04-01,市制施行,M00730,M00730
411,2002-02-02,市制施行,M00731,M00731
412,2004-10-16,編入合併,M00761,M00732
413,2005-01-21,市制施行,M00733,M00733
414,2005-03-22,新設,M00784,M00736
415,2005-03-22,新設,M00791,M00736
416,2005-03-22,新設,M00794,M00736
417,2005-03-22,新設,M00796,M00736
418,2005-03-28,新設,M00798,M00737
419,2005-03-28,新設,M00802,M00737
420,2005-10-01,新設,M00757,M00738
421,2005-10-01,新設,M00814,M00738
422,2005-10-01,新設,M00815,M00738
423,2005-08-01,市制施行,M00739,M00739
424,2005-09-02,新設,M00778,M00740
425,2005-09-02,新設,M00782,M00740
426,2005-09-02,新設,M00783,M00740
427,2005-10-11,新設,M00771,M00741
428,2005-10-11,新設,M00772,M00741
429,2005-10-11,新設,M00773,M00741
430,2006-03-27,新設,M00807,M00742
431,2006-03-27,新設,M00808,M00742
432,2006-03-27,新設,M00746,M00743
433,2006-03-27,新設,M00747,M00743
434,2006-03-27,新設,M00799,M00743
435,2005-02-01,新設,M00749,M00753
436,2005-02-01,新設,M00750,M00753
437,2005-02-01,新設,M00756,M00753
438,2004-10-16,編入合併,M00751,M00732
440,2004-10-16,編入合併,M00762,M00732
441,2004-10-16,編入合併,M00763,M00732
442,2004-10-16,編入合併,M00764,M00732
443,2005-01-21,編入,M00733,M00733
444,2005-01-21,編入,M00760,M00733
445,1993-11-01,町制施行,M00766,M00766
446,1995-09-01,編入,M00774,M00729
447,1995-09-01,編入,M00729,M00729
448,2005-08-01,編入,M00739,M00739
449,2005-08-01,編入,M00777,M00739
450,2001-04-01,編入,M00779,M00730
451,2001-04-01,編入,M00730,M00730
452,1997-10-01,町制施行,M00782,M00782
453,1983-01-01,町制施行,M00789,M00789
454,1996-06-01,町制施行,M00791,M00791
455,1996-06-01,町制施行,M00793,M00793
456,1996-09-01,町制施行,M00796,M00796
457,1997-04-01,町制施行,M00798,M00798
458,1992-01-01,町制施行,M00802,M00802
459,1985-04-01,町制施行,M00807,M00807
460,1972-02-01,町制施行,M00818,M00818
461,1996-06-01,町制施行,M00823,M00823
462,2007-03-31,編入,M00832,M00832
463,2007-03-31,編入,M00852,M00832
464,2007-03-31,編入,M00853,M00832
465,2010-03-29,新設,M00834,M00834
466,2010-03-29,新設,M00868,M00834
467,2010-03-29,新設,M00869,M00834
468,2010-03-29,新設,M00871,M00834
469,2011-10-01,編入,M00834,M00834
470,2011-10-01,編入,M00855,M00834
471,2014-04-05,編入,M00834,M00834
472,2014-04-05,編入,M00870,M00834
473,2005-02-28,新設,M00835,M00835
474,2005-02-28,新設,M00891,M00835
475,2005-02-28,新設,M00892,M00835
476,2006-01-01,編入,M00836,M00836
477,2006-01-01,編入,M00856,M00836
478,2006-03-20,新設,M00837,M00837
479,2006-03-20,新設,M00838,M00837
480,2006-03-20,新設,M00857,M00837
481,2006-03-20,新設,M00873,M00837
482,2006-03-20,新設,M00874,M00837
483,2009-03-23,編入,M00840,M00840
484,2009-03-23,編入,M00858,M00840
485,2005-10-01,編入,M00841,M00841
486,2005-10-01,編入,M00884,M00841
487,2005-10-01,編入,M00885,M00841
488,1970-11-01,市制施行,M00843,M00843
489,2005-01-01,新設,M00843,M00844
490,2005-01-01,新設,M00888,M00844
491,2005-01-01,新設,M00889,M00844
492,2005-03-28,新設,M00876,M00845
493,2005-03-28,新設,M00878,M00845
494,2005-10-01,新設,M00880,M00846
495,2005-10-01,新設,M00881,M00846
496,2006-01-10,新設,M00850,M00847
497,2006-01-10,新設,M00865,M00847
498,2006-01-10,新設,M00866,M00847
499,1971-04-01,町制施行,M00850,M00850
500,1994-07-01,町制施行,M00852,M00852
501,1994-10-01,町制施行,M00855,M00855
502,1972-01-01,町制施行,M00862,M00862
503,1982-04-01,区域変更,M00872,M00889
504,1971-09-01,町制施行,M00880,M00880
505,2005-10-01,新設,M00882,M00890
506,2005-10-01,新設,M00883,M00890
507,2004-12-05,編入,M00893,M00893
508,2004-12-05,編入,M00908,M00893
509,2004-12-05,編入,M00909,M00893
510,2004-12-05,編入,M00910,M00893
511,2009-05-05,編入,M00893,M00893
512,2009-05-05,編入,M00907,M00893
513,2006-01-23,編入,M00894,M00894
514,2006-01-23,編入,M00916,M00894
515,2006-01-23,編入,M00917,M00894
516,2006-01-23,編入,M00918,M00894
517,2006-01-23,編入,M00925,M00894
518,2006-10-01,編入,M00894,M00894
519,2006-10-01,編入,M00914,M00894
520,2009-06-01,編入,M00894,M00894
521,2009-06-01,編入,M00927,M00894
522,2005-06-13,編入,M00895,M00895
523,2005-06-13,編入,M00911,M00895
524,2005-06-13,編入,M00912,M00895
525,2005-01-01,新設,M00896,M00896
526,2005-01-01,新設,M00956,M00896
527,2005-01-01,新設,M00957,M00896
528,2005-01-01,新設,M00958,M00896
529,2005-03-28,新設,M00897,M00897
530,2005-03-28,新設,M00960,M00897
531,2005-03-28,新設,M00961,M00897
532,2005-03-28,新設,M00962,M00897
533,2005-02-13,編入,M00898,M00898
534,2005-02-13,編入,M00946,M00898
535,2005-02-13,編入,M00947,M00898
536,2006-02-20,新設,M00900,M00900
537,2006-02-20,新設,M00905,M00900
538,2006-02-20,新設,M00906,M00900
539,2006-02-20,新設,M00919,M00900
540,2006-02-20,新設,M00920,M00900
541,2006-02-20,新設,M00921,M00900
542,2006-01-01,編入,M00901,M00901
543,2006-01-01,編入,M00926,M00901
544,2006-03-27,新設,M00902,M00902
545,2006-03-27,新設,M00932,M00902
546,2006-03-18,新設,M00903,M00903
547,2006-03-18,新設,M00936,M00903
548,2006-03-27,新設,M00913,M00904
549,2006-03-27,新設,M00964,M00904
550,2006-03-27,新設,M00965,M00904
551,1996-07-01,名称変更,M00916,M00916
552,1991-04-01,町制施行,M00924,M00924
553,2003-04-01,新設,M00928,M00931
554,2003-04-01,新設,M00929,M00931
555,2010-03-28,編入,M00937,M00937
556,2010-03-28,編入,M00943,M00937
557,2006-03-27,新設,M00938,M00945
558,2006-03-27,新設,M00939,M00945
559,2005-10-01,新設,M00950,M00954
560,2005-10-01,新設,M00951,M00954
561,2005-10-01,新設,M00952,M00954
562,1986-10-01,町制施行,M00956,M00956
563,1990-04-01,町制施行,M00964,M00964
564,1998-10-01,町制施行,M00968,M00968
565,1982-04-01,町制施行,M00970,M00970
567,2005-04-01,編入,M00985,M01016
568,2005-10-01,新設,M00974,M00974
569,2005-10-01,新設,M01071,M00974
570,2005-10-01,新設,M01074,M00974
571,2007-02-13,編入,M00974,M00974
572,2007-02-13,編入,M01073,M00974
573,2011-10-11,編入,M00975,M00975
574,2011-10-11,編入,M00998,M00975
575,2001-05-01,新設,M00976,M01016
576,2001-05-01,新設,M00977,M01016
577,2001-05-01,新設,M00992,M01016
578,2006-01-01,編入,M00978,M00978
579,2006-01-01,編入,M01083,M00978
580,2005-04-01,新設,M00979,M00979
581,2005-04-01,新設,M01056,M00979
582,2005-04-01,新設,M01059,M00979
583,2005-04-01,新設,M01060,M00979
584,2005-01-01,編入,M00981,M00981
585,2005-01-01,編入,M01037,M00981
586,2010-03-23,新設,M00982,M00982
587,2010-03-23,新設,M01082,M00982
588,2010-03-23,新設,M01087,M00982
589,2010-03-23,新設,M01089,M00982
590,2006-01-10,新設,M00983,M00983
591,2006-01-10,新設,M01064,M00983
592,2005-10-01,新設,M00986,M00986
593,2005-10-01,新設,M01103,M00986
594,2005-10-01,編入,M00989,M00989
595,2005-10-01,編入,M01023,M00989
596,2005-10-01,編入,M01085,M00989
597,1973-04-01,編入,M00990,M00990
598,1973-04-01,編入,M01075,M00990
599,2006-01-01,新設,M00990,M00990
600,2006-01-01,新設,M01076,M00990
601,2006-01-01,新設,M01078,M00990
602,2006-01-01,新設,M01080,M00990
603,1970-10-26,市制施行,M01000,M01000
604,1970-10-31,市制施行,M01001,M01001
605,1970-11-01,市制施行,M01002,M01002
606,1970-11-03,市制施行,M01003,M01003
607,1971-10-01,市制施行,M01004,M01004
608,2010-03-23,新設,M01004,M01004
609,2010-03-23,新設,M01095,M01004
610,2010-03-23,新設,M01096,M01004
611,2010-03-23,新設,M01097,M01004
612,1971-11-03,市制施行,M01005,M01005
613,1972-01-15,市制施行,M01006,M01006
614,1972-04-10,市制施行,M01007,M01007
615,1972-04-10,市制施行,M01008,M01008
616,2005-10-01,新設,M01008,M01017
617,2005-10-01,新設,M01028,M01017
618,1972-05-03,市制施行,M01009,M01009
619,1972-10-01,市制施行,M01010,M01010
620,2011-01-04,名称変更,M01010,M01010
621,1976-09-01,市制施行,M01011,M01011
622,1986-10-01,市制施行,M01012,M01012
623,1991-09-01,市制施行,M01013,M01013
624,1991-10-01,市制施行,M01014,M01014
625,1996-04-01,市制施行,M01015,M01015
626,2012-10-01,市制施行,M01018,M01018
627,1970-11-01,町制施行,M01020,M01020
628,1970-11-03,町制施行,M01031,M01031
629,1984-11-03,町制施行,M01039,M01039
630,2006-02-01,新設,M01042,M01050
631,2006-02-01,新設,M01043,M01050
632,1972-11-03,町制施行,M01045,M01045
633,1972-11-03,町制施行,M01047,M01047
634,1982-04-01,町制施行,M01049,M01049
635,1984-10-01,町制施行,M01052,M01052
636,1972-11-01,名称変更,M01055,M01055
637,2005-10-01,新設,M01057,M01057
638,2005-10-01,新設,M01058,M01057
639,1984-10-01,町制施行,M01063,M01063
640,1987-10-01,町制施行,M01066,M01066
641,2006-01-01,新設,M01066,M01066
642,2006-01-01,新設,M01067,M01066
643,1971-11-03,町制施行,M01069,M01069
644,2002-04-01,町制施行,M01071,M01071
645,1985-11-01,町制施行,M01073,M01073
646,1977-02-11,町制施行,M01078,M01078
647,1983-06-01,町制施行,M01080,M01080
648,2001-05-01,町制施行,M01085,M01085
649,1971-04-01,町制施行,M01087,M01087
650,1971-01-01,町制施行,M01089,M01089
651,1971-09-10,編入,M01109,M01109
652,1971-09-10,編入,M01207,M01109
653,2003-06-06,編入,M01111,M01111
654,2003-06-06,編入,M01145,M01111
655,2006-03-27,新設,M01112,M01139
656,2006-03-27,新設,M01161,M01139
657,2006-03-27,新設,M01162,M01139
658,2006-03-27,新設,M01163,M01139
659,1972-05-01,新設,M01113,M01113
660,1972-05-01,新設,M01185,M01113
661,2006-03-27,編入,M01114,M01114
662,2006-03-27,編入,M01158,M01114
663,2006-03-27,編入,M01160,M01114
664,2006-01-23,新設,M01117,M01138
665,2006-01-23,新設,M01170,M01138
666,2005-07-01,新設,M01118,M01118
667,2005-07-01,新設,M01165,M01118
668,2005-07-01,新設,M01167,M01118
669,2005-07-01,新設,M01168,M01118
670,2005-03-28,編入,M01120,M01120
671,2005-03-28,編入,M01147,M01120
672,1970-07-01,市制施行,M01125,M01125
673,1971-03-31,新設,M01201,M01126
674,1971-03-31,新設,M01202,M01126
675,1971-03-31,新設,M01203,M01126
676,2005-02-11,新設,M01126,M01126
677,2005-02-11,新設,M01204,M01126
678,1971-09-01,市制施行,M01127,M01127
679,1971-09-01,市制施行,M01128,M01128
680,1971-09-01,市制施行,M01129,M01129
681,1981-04-01,市制施行,M01130,M01130
682,1981-04-01,市制施行,M01131,M01131
683,1991-04-01,市制施行,M01132,M01132
684,1992-04-01,市制施行,M01133,M01133
685,1996-04-01,市制施行,M01134,M01134
686,2010-03-23,編入,M01134,M01134
687,2010-03-23,編入,M01153,M01134
688,2010-03-23,編入,M01156,M01134
689,2001-04-01,市制施行,M01135,M01135
690,2002-04-01,市制施行,M01136,M01136
691,2006-03-20,新設,M01193,M01137
692,2006-03-20,新設,M01194,M01137
693,2006-03-20,新設,M01196,M01137
694,2006-03-20,新設,M01197,M01137
695,2006-03-20,新設,M01198,M01137
696,2006-03-20,新設,M01199,M01137
697,2006-03-20,新設,M01200,M01137
698,2006-03-27,新設,M01173,M01140
699,2006-03-27,新設,M01174,M01140
700,2006-03-27,新設,M01175,M01140
701,2006-03-27,新設,M01176,M01140
702,2005-12-05,新設,M01189,M01141
703,2005-12-05,新設,M01191,M01141
704,2005-12-05,新設,M01192,M01141
705,2013-01-01,市制施行,M01142,M01142
706,1985-04-01,町制施行,M01136,M01136
707,2006-03-27,新設,M01169,M01179
708,2006-03-27,新設,M01177,M01179
709,1983-04-01,町制施行,M01182,M01182
710,1971-11-03,新設,M01132,M01132
711,1971-11-03,新設,M01206,M01132
712,1970-09-28,新設,M01208,M01128
713,1970-09-28,新設,M01209,M01128
714,1970-09-28,新設,M01128,M01128
715,1970-09-28,新設,M01211,M01128
716,1970-09-28,新設,M01212,M01128
717,1971-04-25,新設,M01129,M01129
718,1971-04-25,新設,M01214,M01129
719,1971-04-25,新設,M01215,M01129
720,2001-01-21,新設,M01254,M01267
721,2001-01-21,新設,M01255,M01267
722,1970-07-01,市制施行,M01256,M01256
723,1970-10-01,市制施行,M01257,M01257
724,1970-10-01,市制施行,M01258,M01258
725,1970-10-01,市制施行,M01259,M01259
726,1970-10-01,市制施行,M01260,M01260
727,1970-11-03,市制施行,M01261,M01261
728,1971-11-01,市制施行,M01262,M01262
729,1971-11-01,市制施行,M01263,M01263
730,1995-09-01,新設,M01264,M01266
731,1995-09-01,新設,M01274,M01266
732,1991-11-01,市制施行,M01265,M01265
733,1974-06-01,町制施行,M01273,M01273
734,1992-04-01,名称変更,M01287,M01287
739,1971-04-01,編入,M01300,M01300
740,1971-04-01,編入,M01327,M01300
741,2006-03-20,編入,M01303,M01303
742,2006-03-20,編入,M01334,M01303
743,2006-03-20,編入,M01335,M01303
744,2007-03-11,編入,M01303,M01303
745,2007-03-11,編入,M01336,M01303
746,2007-03-11,編入,M01333,M01303
747,1971-03-01,市制施行,M01308,M01308
748,1971-11-01,市制施行,M01309,M01309
749,1971-11-01,市制施行,M01310,M01310
750,1972-04-01,市制施行,M01311,M01311
751,1978-11-01,市制施行,M01312,M01312
752,2001-01-01,編入,M01337,M01337
753,2001-01-01,編入,M01390,M01337
754,2005-03-21,編入,M01337,M01337
755,2005-03-21,編入,M01357,M01337
756,2005-03-21,編入,M01358,M01337
757,2005-03-21,編入,M01378,M01337
758,2005-03-21,編入,M01381,M01337
759,2005-03-21,編入,M01382,M01337
760,2005-03-21,編入,M01383,M01337
761,2005-03-21,編入,M01388,M01337
762,2005-03-21,編入,M01391,M01337
763,2005-03-21,編入,M01392,M01337
764,2005-03-21,編入,M01393,M01337
765,2005-03-21,編入,M01394,M01337
766,2005-03-21,編入,M01343,M01337
767,2005-10-10,編入,M01337,M01337
768,2005-10-10,編入,M01387,M01337
769,2005-04-01,編入,M01338,M01338
770,2005-04-01,編入,M01401,M01338
771,2005-04-01,編入,M01407,M01338
772,2005-04-01,編入,M01408,M01338
773,2005-04-01,編入,M01413,M01338
774,2005-04-01,編入,M01429,M01338
775,2006-01-01,編入,M01338,M01338
776,2006-01-01,編入,M01410,M01338
777,2006-01-01,編入,M01409,M01338
778,2006-01-01,編入,M01351,M01338
779,2006-01-01,編入,M01412,M01338
780,2010-03-31,編入,M01338,M01338
781,2010-03-31,編入,M01414,M01338
782,1971-04-29,新設,M01339,M01359
783,1971-04-29,新設,M01350,M01359
784,2005-05-01,新設,M01340,M01340
785,2005-05-01,新設,M01397,M01340
786,2005-05-01,新設,M01399,M01340
787,1971-05-01,編入,M01341,M01341
788,1971-05-01,編入,M01430,M01341
789,2005-05-01,編入,M01341,M01341
790,2005-05-01,編入,M01428,M01341
791,2005-05-01,編入,M01432,M01341
792,2003-07-07,編入,M01342,M01342
793,2003-07-07,編入,M01371,M01342
794,2005-05-01,編入,M01342,M01342
795,2005-05-01,編入,M01374,M01342
796,2005-05-01,編入,M01375,M01342
797,2005-04-01,新設,M01346,M01346
798,2005-04-01,新設,M01425,M01346
799,2005-04-01,新設,M01427,M01346
800,2005-04-01,新設,M01435,M01346
801,2005-04-01,新設,M01436,M01346
802,2008-04-01,新設,M01348,M01348
803,2008-04-01,新設,M01453,M01348
804,2008-04-01,新設,M01454,M01348
805,2008-04-01,新設,M01455,M01348
806,2008-04-01,新設,M01456,M01348
807,2006-03-20,新設,M01349,M01349
808,2006-03-20,新設,M01385,M01349
809,2006-03-20,新設,M01386,M01349
810,2005-03-19,新設,M01352,M01352
811,2005-03-19,新設,M01450,M01352
812,2005-03-19,新設,M01451,M01352
813,2005-04-01,編入,M01353,M01353
814,2005-04-01,編入,M01443,M01353
815,2005-04-01,編入,M01445,M01353
816,2005-04-01,名称変更,M01353,M01353
817,2006-01-01,新設,M01355,M01355
818,2006-01-01,新設,M01379,M01355
819,2004-03-01,新設,M01356,M01361
820,2004-03-01,新設,M01458,M01361
821,2004-03-01,新設,M01459,M01361
822,2004-03-01,新設,M01460,M01361
823,2004-03-01,新設,M01461,M01361
824,2004-03-01,新設,M01462,M01361
825,2004-03-01,新設,M01463,M01361
826,2004-03-01,新設,M01464,M01361
827,2004-03-01,新設,M01465,M01361
828,2004-03-01,新設,M01466,M01361
829,1970-11-01,市制施行,M01358,M01358
830,2005-01-01,編入,M01359,M01359
831,2005-01-01,編入,M01433,M01359
832,2005-01-01,編入,M01434,M01359
833,2005-01-01,編入,M01437,M01359
834,2005-01-01,編入,M01438,M01359
835,2005-01-01,編入,M01439,M01359
836,2005-01-01,編入,M01440,M01359
837,2005-01-01,編入,M01441,M01359
838,2005-01-01,編入,M01442,M01359
839,2005-01-01,編入,M01444,M01359
840,2005-01-01,編入,M01446,M01359
841,2005-01-01,編入,M01447,M01359
842,2005-01-01,編入,M01448,M01359
843,2005-01-01,編入,M01449,M01359
844,2004-04-01,新設,M01365,M01360
845,2004-04-01,新設,M01366,M01360
846,2004-04-01,新設,M01367,M01360
847,2004-04-01,新設,M01368,M01360
848,2004-11-01,新設,M01415,M01362
849,2004-11-01,新設,M01416,M01362
850,2004-11-01,新設,M01417,M01362
851,2004-11-01,新設,M01418,M01362
852,2004-11-01,新設,M01419,M01362
853,2004-11-01,新設,M01420,M01362
854,2004-11-01,新設,M01423,M01363
855,2004-11-01,新設,M01424,M01363
856,2005-10-01,編入,M01363,M01363
857,2005-10-01,編入,M01422,M01363
858,2005-09-01,新設,M01376,M01364
859,2005-09-01,新設,M01377,M01364
860,1973-11-01,町制施行,M01371,M01371
861,1977-08-01,町制施行,M01373,M01373
862,1996-11-01,町制施行,M01381,M01381
863,1973-02-01,町制施行,M01390,M01390
864,1973-08-01,町制施行,M01396,M01396
865,1981-10-01,町制施行,M01399,M01399
866,1986-10-01,町制施行,M01401,M01401
867,2005-04-01,新設,M01402,M01406
868,2005-04-01,新設,M01403,M01406
869,2005-04-01,新設,M01404,M01406
870,2005-04-01,新設,M01405,M01406
871,2005-04-01,新設,M01467,M01467
872,2005-04-01,新設,M01478,M01467
873,2005-04-01,新設,M01479,M01467
874,2005-04-01,新設,M01486,M01467
875,2005-04-01,新設,M01487,M01467
876,2005-04-01,新設,M01488,M01467
877,2005-04-01,新設,M01489,M01467
878,2005-11-01,新設,M01468,M01468
879,2005-11-01,新設,M01503,M01468
880,2005-11-01,新設,M01469,M01477
881,2005-11-01,新設,M01490,M01477
882,2005-11-01,新設,M01491,M01477
883,2005-11-01,新設,M01492,M01477
884,2005-11-01,新設,M01493,M01477
885,2006-03-31,新設,M01473,M01473
886,2006-03-31,新設,M01483,M01473
887,2004-11-01,新設,M01474,M01474
888,2004-11-01,新設,M01498,M01474
889,2004-11-01,新設,M01494,M01476
890,2004-11-01,新設,M01495,M01476
891,2004-11-01,新設,M01496,M01476
892,2004-11-01,新設,M01497,M01476
893,2004-11-01,新設,M01499,M01476
894,2004-11-01,新設,M01500,M01476
895,2004-11-01,新設,M01501,M01476
896,2004-11-01,新設,M01502,M01476
897,2004-10-01,新設,M01505,M01505
898,2004-10-01,新設,M01542,M01505
899,2004-10-01,新設,M01544,M01505
900,2004-10-01,新設,M01546,M01505
901,2006-02-01,新設,M01507,M01507
902,2006-02-01,新設,M01550,M01507
903,2005-10-01,新設,M01509,M01509
904,2005-10-01,新設,M01516,M01509
905,1970-10-10,市制施行,M01511,M01511
906,2005-02-01,新設,M01511,M01513
907,2005-02-01,新設,M01523,M01513
908,2005-02-01,新設,M01524,M01513
909,2005-02-01,新設,M01526,M01513
910,2005-02-01,新設,M01527,M01513
911,2005-02-01,新設,M01528,M01513
912,2005-02-01,新設,M01529,M01513
913,2005-02-01,新設,M01530,M01513
914,2004-03-01,新設,M01532,M01512
915,2004-03-01,新設,M01533,M01512
916,2004-03-01,新設,M01534,M01512
917,2005-02-01,新設,M01517,M01514
918,2005-02-01,新設,M01518,M01514
919,2005-02-01,新設,M01519,M01514
920,2011-11-11,市制施行,M01515,M01515
921,1980-04-01,町制施行,M01521,M01521
922,1970-11-01,新設,M01536,M01539
923,1970-11-01,新設,M01539,M01539
924,2005-09-01,新設,M01537,M01539
925,2005-09-01,新設,M01539,M01539
926,2005-03-01,新設,M01538,M01541
927,2005-03-01,新設,M01540,M01541
928,2005-03-01,新設,M01543,M01548
929,2005-03-01,新設,M01545,M01548
930,2005-03-01,新設,M01547,M01548
931,2005-03-01,新設,M01551,M01554
932,2005-03-01,新設,M01552,M01554
933,2005-03-01,新設,M01553,M01554
934,1971-09-01,編入,M01555,M01555
935,1971-09-01,編入,M01565,M01555
936,2006-02-01,編入,M01555,M01555
937,2006-02-01,編入,M01566,M01555
938,2006-02-01,編入,M01587,M01555
939,2006-02-01,編入,M01589,M01555
940,2005-10-01,新設,M01557,M01563
941,2005-10-01,新設,M01578,M01563
942,1970-07-01,編入,M01559,M01559
943,1970-07-01,編入,M01570,M01559
944,2005-11-07,編入,M01559,M01559
945,2005-11-07,編入,M01571,M01559
946,2004-03-01,新設,M01573,M01562
947,2004-03-01,新設,M01574,M01562
948,2006-03-20,新設,M01572,M01564
949,2006-03-20,新設,M01575,M01564
950,2006-03-20,新設,M01576,M01564
951,2006-03-20,新設,M01577,M01564
952,2006-02-13,新設,M01567,M01568
953,2006-02-13,新設,M01568,M01568
954,2006-02-13,新設,M01569,M01568
955,2005-01-01,新設,M01580,M01583
956,2005-01-01,新設,M01581,M01583
957,2005-01-01,新設,M01582,M01583
958,2005-02-01,新設,M01584,M01586
959,2005-02-01,新設,M01585,M01586
960,2005-02-01,新設,M01586,M01586
961,2005-02-01,新設,M01588,M01586
962,2005-03-31,新設,M01590,M01597
963,2005-03-31,新設,M01592,M01597
964,2006-03-03,新設,M01593,M01596
965,2006-03-03,新設,M01595,M01596
966,2006-03-01,編入,M01598,M01598
967,2006-03-01,編入,M01622,M01598
968,2006-03-01,編入,M01625,M01598
969,2005-11-01,新設,M01600,M01610
970,2005-11-01,新設,M01615,M01610
971,2005-11-01,新設,M01616,M01610
972,2005-03-22,新設,M01602,M01602
973,2005-03-22,新設,M01613,M01602
974,2005-03-22,新設,M01614,M01602
975,2003-04-01,新設,M01646,M01605
976,2003-04-01,新設,M01647,M01605
977,2003-04-01,新設,M01648,M01605
978,2003-04-01,新設,M01649,M01605
979,2003-04-01,新設,M01650,M01605
980,2003-04-01,新設,M01651,M01605
981,2004-11-01,新設,M01653,M01606
982,2004-11-01,新設,M01654,M01606
983,2004-11-01,新設,M01655,M01606
984,2004-11-01,新設,M01656,M01606
985,2004-11-01,新設,M01657,M01606
986,2004-11-01,新設,M01659,M01606
987,2004-11-01,新設,M01660,M01606
988,2006-03-15,編入,M01606,M01606
989,2006-03-15,編入,M01658,M01606
990,2004-09-01,新設,M01639,M01607
991,2004-09-01,新設,M01640,M01607
992,2004-09-01,新設,M01652,M01607
993,2004-10-12,新設,M01612,M01608
994,2004-10-12,新設,M01617,M01608
995,2004-10-12,新設,M01618,M01608
996,2004-10-12,新設,M01619,M01608
997,2004-10-12,新設,M01620,M01608
998,2004-10-12,新設,M01621,M01608
999,2006-08-01,編入,M01608,M01608
1000,2006-08-01,編入,M01623,M01608
1001,2005-02-13,新設,M01661,M01609
1002,2005-02-13,新設,M01671,M01609
1003,2006-02-20,新設,M01624,M01611
1004,2006-02-20,新設,M01642,M01611
1005,2006-02-20,新設,M01645,M01611
1006,2006-03-01,編入,M01670,M01598
1007,2005-10-01,新設,M01626,M01630
1008,2005-10-01,新設,M01627,M01630
1009,2005-10-01,新設,M01628,M01630
1010,2004-09-13,新設,M01629,M01635
1011,2004-09-13,新設,M01633,M01635
1012,2004-09-13,新設,M01635,M01635
1013,2010-03-08,新設,M01631,M01638
1014,2010-03-08,新設,M01632,M01638
1015,2003-03-01,新設,M01636,M01636
1016,2003-03-01,新設,M01637,M01636
1017,1985-04-01,町制施行,M01642,M01642
1018,1971-04-01,町制施行,M01644,M01644
1019,2003-11-15,新設,M01666,M01670
1020,2003-11-15,新設,M01667,M01670
1021,2003-11-15,新設,M01668,M01670
1022,2005-01-01,編入,M01674,M01674
1023,2005-01-01,編入,M01787,M01674
1024,2005-01-01,編入,M01797,M01674
1025,2005-01-01,編入,M01801,M01674
1026,2005-01-01,編入,M01802,M01674
1027,2010-01-01,編入,M01674,M01674
1028,2010-01-01,編入,M01796,M01674
1029,2010-01-01,編入,M01804,M01674
1030,1974-05-01,編入,M01675,M01675
1031,1974-05-01,編入,M01761,M01675
1032,2005-04-01,編入,M01675,M01675
1033,2005-04-01,編入,M01762,M01675
1034,2005-04-01,編入,M01775,M01675
1035,2005-04-01,編入,M01776,M01675
1036,2005-04-01,編入,M01777,M01675
1037,2010-03-31,編入,M01675,M01675
1038,2010-03-31,編入,M01769,M01675
1039,1973-04-01,編入,M01676,M01676
1040,1973-04-01,編入,M01715,M01676
1041,2006-03-06,新設,M01676,M01676
1042,2006-03-06,新設,M01709,M01676
1043,2006-03-06,新設,M01712,M01676
1044,2006-03-06,新設,M01713,M01676
1045,1984-12-01,編入,M01678,M01678
1046,1984-12-01,編入,M01729,M01678
1047,1993-07-01,編入,M01678,M01678
1048,1993-07-01,編入,M01733,M01678
1049,2005-10-01,編入,M01678,M01678
1050,2005-10-01,編入,M01746,M01678
1051,2005-10-01,編入,M01747,M01678
1052,1971-04-30,編入,M01680,M01680
1053,1971-04-30,編入,M01791,M01680
1054,2006-03-31,新設,M01682,M01682
1055,2006-03-31,新設,M01721,M01682
1056,2006-03-31,新設,M01727,M01682
1057,2005-04-01,新設,M01684,M01684
1058,2005-04-01,新設,M01806,M01684
1059,2006-01-01,編入,M01685,M01685
1060,2006-01-01,編入,M01782,M01685
1061,2006-01-01,編入,M01783,M01685
1062,2005-04-01,編入,M01688,M01688
1063,2005-04-01,編入,M01751,M01688
1064,2003-09-01,新設,M01689,M01691
1065,2003-09-01,新設,M01786,M01691
1066,2003-09-01,新設,M01789,M01691
1067,2005-04-01,新設,M01690,M01690
1068,2005-04-01,新設,M01694,M01690
1069,2005-04-01,新設,M01704,M01690
1070,2005-04-01,新設,M01707,M01690
1071,2004-04-01,新設,M01708,M01692
1072,2004-04-01,新設,M01711,M01692
1073,2005-10-01,新設,M01760,M01693
1074,2005-10-01,新設,M01773,M01693
1075,2005-10-01,新設,M01774,M01693
1076,2005-10-01,新設,M01778,M01693
1077,2005-10-01,新設,M01779,M01693
1078,2005-03-20,新設,M01695,M01702
1079,2005-03-20,新設,M01701,M01702
1080,2005-10-01,新設,M01710,M01717
1081,2005-10-01,新設,M01714,M01717
1082,2009-03-31,編入,M01734,M01735
1083,2009-03-31,編入,M01735,M01735
1084,2006-01-01,編入,M01735,M01735
1085,2006-01-01,編入,M01736,M01735
1086,2005-11-01,新設,M01748,M01759
1087,2005-11-01,新設,M01753,M01759
1088,2005-11-01,新設,M01754,M01759
1089,2005-11-01,新設,M01755,M01759
1090,2005-02-13,編入,M01758,M01813
1091,2005-02-13,編入,M01813,M01813
1092,2005-10-11,新設,M01763,M01772
1093,2005-10-11,新設,M01764,M01772
1094,2005-10-11,新設,M01766,M01772
1095,1973-04-01,町制施行,M01769,M01769
1096,2005-10-01,新設,M01799,M01805
1097,2005-10-01,新設,M01800,M01805
1098,2006-01-01,編入,M01808,M01808
1099,2006-01-01,編入,M01832,M01808
1100,2006-03-27,編入,M01809,M01809
1101,2006-03-27,編入,M01837,M01809
1102,2006-03-27,編入,M01843,M01809
1103,2005-02-01,編入,M01810,M01810
1104,2005-02-01,編入,M01908,M01810
1105,2005-02-01,編入,M01909,M01810
1106,2005-02-01,編入,M01910,M01810
1107,2005-02-01,編入,M01912,M01810
1108,2005-02-01,編入,M01913,M01810
1109,2005-02-01,編入,M01914,M01810
1110,2005-02-01,編入,M01915,M01810
1111,2005-02-01,編入,M01917,M01810
1112,2005-02-01,編入,M01921,M01810
1113,2006-01-23,編入,M01811,M01811
1114,2006-01-23,編入,M01891,M01811
1115,2005-02-07,編入,M01812,M01812
1116,2005-02-07,編入,M01863,M01812
1117,2005-02-07,編入,M01864,M01812
1118,2005-02-07,編入,M01865,M01812
1119,2005-02-07,編入,M01867,M01812
1120,2005-02-07,編入,M01868,M01812
1121,2005-02-13,編入,M01892,M01813
1122,2005-02-13,編入,M01893,M01813
1123,2005-02-13,編入,M01894,M01813
1124,2005-02-13,編入,M01895,M01813
1125,2005-02-13,編入,M01896,M01813
1126,2005-02-13,編入,M01897,M01813
1127,2004-10-25,新設,M01817,M01817
1128,2004-10-25,新設,M01898,M01817
1129,2004-10-25,新設,M01899,M01817
1130,2004-10-25,新設,M01900,M01817
1131,2004-10-25,新設,M01901,M01817
1132,2004-10-25,新設,M01902,M01817
1133,2004-11-01,編入,M01820,M01820
1134,2004-11-01,編入,M01829,M01820
1135,1982-04-01,市制施行,M01821,M01821
1136,2005-05-01,編入,M01821,M01821
1137,2005-05-01,編入,M01890,M01821
1138,2003-04-01,新設,M01860,M01822
1139,2003-04-01,新設,M01861,M01822
1140,2003-04-01,新設,M01862,M01822
1141,2003-05-01,新設,M01855,M01823
1142,2003-05-01,新設,M01856,M01823
1143,2004-02-01,新設,M01916,M01824
1144,2004-02-01,新設,M01918,M01824
1145,2004-02-01,新設,M01919,M01824
1146,2004-02-01,新設,M01920,M01824
1147,2004-02-01,新設,M01854,M01825
1148,2004-02-01,新設,M01857,M01825
1149,2004-02-01,新設,M01858,M01825
1150,2004-02-01,新設,M01859,M01825
1151,2004-03-01,新設,M01869,M01826
1152,2004-03-01,新設,M01871,M01826
1153,2004-03-01,新設,M01872,M01826
1154,2004-03-01,新設,M01873,M01826
1155,2004-03-01,新設,M01874,M01826
1156,2004-03-01,新設,M01876,M01826
1157,2004-03-01,新設,M01878,M01826
1158,2004-03-01,新設,M01903,M01827
1159,2004-03-01,新設,M01904,M01827
1160,2004-03-01,新設,M01905,M01827
1161,2004-03-01,新設,M01906,M01827
1162,2004-03-01,新設,M01907,M01827
1163,2005-03-28,新設,M01833,M01828
1164,2005-03-28,新設,M01834,M01828
1165,2005-03-28,新設,M01835,M01828
1166,2005-01-31,新設,M01844,M01844
1167,2005-01-31,新設,M01845,M01844
1168,2005-01-31,新設,M01848,M01844
1169,2005-01-31,新設,M01849,M01844
1170,2005-01-31,新設,M01850,M01844
1171,2005-01-31,新設,M01851,M01844
1172,1987-04-01,編入,M01850,M01850
1173,1987-04-01,編入,M01852,M01850
1174,1971-04-01,町制施行,M01867,M01867
1175,1985-11-01,町制施行,M01871,M01871
1176,1970-04-20,名称変更,M01876,M01876
1177,1992-04-01,名称変更,M01876,M01876
1178,1974-07-01,町制施行,M01881,M01881
1179,1971-04-01,町制施行,M01884,M01884
1184,2003-04-01,新設,M01922,M01922
1185,2003-04-01,新設,M01925,M01922
1186,1991-05-01,編入,M01923,M01923
1187,1991-05-01,編入,M02001,M01923
1188,2005-07-01,編入,M01923,M01923
1189,2005-07-01,編入,M01938,M01923
1190,2005-07-01,編入,M01939,M01923
1191,2005-07-01,編入,M01991,M01923
1192,2005-07-01,編入,M01998,M01923
1193,2005-07-01,編入,M01999,M01923
1194,2005-07-01,編入,M02000,M01923
1195,2005-07-01,編入,M02002,M01923
1196,2005-07-01,編入,M02005,M01923
1197,2005-07-01,編入,M02006,M01923
1198,2005-07-01,編入,M02007,M01923
1199,2005-07-01,編入,M02008,M01923
1200,2005-04-01,編入,M01924,M01924
1201,2005-04-01,編入,M01957,M01924
1202,2010-03-23,編入,M01928,M01928
1203,2010-03-23,編入,M01968,M01928
1204,2005-05-05,新設,M01930,M01930
1205,2005-05-05,新設,M01978,M01930
1206,2008-04-01,編入,M01930,M01930
1207,2008-04-01,編入,M01979,M01930
1208,2008-11-01,編入,M01931,M01931
1209,2008-11-01,編入,M01969,M01931
1210,2005-04-01,新設,M01932,M01932
1211,2005-04-01,新設,M01993,M01932
1212,2005-04-01,新設,M01994,M01932
1213,2005-04-01,新設,M01996,M01932
1214,2005-04-01,新設,M01997,M01932
1215,2008-11-01,編入,M01933,M01933
1216,2008-11-01,編入,M01973,M01933
1217,2005-04-01,新設,M01934,M01934
1218,2005-04-01,新設,M01984,M01934
1219,2005-04-01,新設,M01989,M01934
1220,2009-01-01,編入,M01935,M01935
1221,2009-01-01,編入,M01972,M01935
1222,2005-04-01,新設,M01937,M01937
1223,2005-04-01,新設,M01992,M01937
1224,1971-01-01,市制施行,M01940,M01940
1225,1971-01-01,市制施行,M01941,M01941
1226,1972-01-01,市制施行,M01942,M01942
1227,2010-03-23,編入,M01942,M01942
1228,2010-03-23,編入,M02003,M01942
1229,2004-04-01,新設,M01956,M01943
1230,2004-04-01,新設,M01958,M01943
1231,2004-04-01,新設,M01962,M01943
1232,2004-04-01,新設,M01963,M01943
1233,2004-04-01,新設,M01974,M01944
1234,2004-04-01,新設,M01986,M01944
1235,2005-01-17,新設,M01987,M01945
1236,2005-01-17,新設,M01988,M01945
1237,2005-04-01,新設,M01955,M01946
1238,2005-04-01,新設,M01960,M01946
1239,2005-04-01,新設,M01961,M01946
1240,2005-10-11,新設,M01975,M01947
1241,2005-10-11,新設,M01976,M01947
1242,2005-04-01,新設,M01953,M01953
1243,2005-04-01,新設,M01954,M01953
1244,2005-09-20,新設,M01980,M01982
1245,2005-09-20,新設,M01981,M01982
1246,1973-04-01,新設,M01983,M01989
1247,1973-04-01,新設,M01985,M01989
1248,1973-01-01,町制施行,M01996,M01996
1253,2006-01-01,編入,M02011,M02011
1254,2006-01-01,編入,M02095,M02011
1255,2005-04-01,編入,M02012,M02012
1256,2005-04-01,編入,M02027,M02012
1257,2005-04-01,編入,M02066,M02012
1258,2006-02-01,編入,M02016,M02016
1259,2006-02-01,編入,M02114,M02016
1260,2008-01-15,編入,M02016,M02016
1261,2008-01-15,編入,M02113,M02016
1262,2008-01-15,編入,M02116,M02016
1263,2010-02-01,編入,M02016,M02016
1264,2010-02-01,編入,M02115,M02016
1265,2005-04-01,編入,M02020,M02020
1266,2005-04-01,編入,M02099,M02020
1267,2005-04-01,編入,M02100,M02020
1268,2005-04-01,編入,M02101,M02020
1269,2005-04-01,編入,M02102,M02020
1270,2005-04-01,編入,M02103,M02020
1271,2005-04-01,編入,M02104,M02020
1272,2011-04-01,編入,M02022,M02022
1273,2011-04-01,編入,M02091,M02022
1274,2011-04-01,編入,M02092,M02022
1275,2011-04-01,編入,M02093,M02022
1276,2005-04-01,編入,M02029,M02029
1277,2005-04-01,編入,M02067,M02029
1278,2005-04-01,編入,M02068,M02029
1279,2005-10-01,新設,M02030,M02030
1280,2005-10-01,新設,M02111,M02030
1281,2005-10-01,新設,M02112,M02030
1282,1970-09-01,市制施行,M02032,M02032
1283,1970-09-01,市制施行,M02033,M02033
1284,1970-12-01,市制施行,M02034,M02034
1285,1970-12-01,市制施行,M02035,M02035
1286,1970-12-01,市制施行,M02036,M02036
1287,1971-12-01,市制施行,M02037,M02037
1288,1972-08-01,市制施行,M02038,M02038
1289,1994-10-01,市制施行,M02039,M02039
1290,2003-08-20,市制施行,M02040,M02040
1291,2005-10-01,編入,M02040,M02040
1292,2005-10-01,編入,M02119,M02040
1293,2005-04-01,新設,M02078,M02041
1294,2005-04-01,新設,M02079,M02041
1295,2005-04-01,新設,M02080,M02041
1296,2005-04-01,新設,M02081,M02041
1297,2005-07-07,新設,M02054,M02042
1298,2005-07-07,新設,M02061,M02042
1299,2005-07-07,新設,M02062,M02042
1300,2009-10-01,編入,M02042,M02042
1301,2009-10-01,編入,M02060,M02042
1302,2006-03-20,新設,M02057,M02043
1303,2006-03-20,新設,M02058,M02043
1304,2006-04-01,市制施行,M02044,M02044
1305,2010-01-04,市制施行,M02045,M02045
1306,2010-03-22,新設,M02069,M02046
1307,2010-03-22,新設,M02070,M02046
1308,2010-03-22,新設,M02071,M02046
1309,2012-01-04,市制施行,M02047,M02047
1310,1971-04-01,町制施行,M02047,M02047
1311,1972-04-01,町制施行,M02056,M02056
1312,1990-04-01,町制施行,M02060,M02060
1313,1975-04-01,町制施行,M02073,M02073
1314,2006-04-01,編入,M02075,M02044
1315,2006-04-01,編入,M02044,M02044
1316,2010-01-04,名称変更,M02045,M02045
1317,1978-04-01,町制施行,M02099,M02099
1318,2003-10-01,区域変更,M02110,M02104
1319,2005-10-01,新設,M02105,M02105
1320,2005-10-01,新設,M02109,M02105
1321,2005-11-27,編入,M02107,M02107
1322,2005-11-27,編入,M02108,M02107
1323,2003-08-20,編入,M02040,M02040
1324,2003-08-20,編入,M02118,M02040
1325,1973-02-01,編入,M02120,M02120
1326,1973-02-01,編入,M02155,M02120
1327,2006-01-01,新設,M02120,M02120
1328,2006-01-01,新設,M02132,M02120
1329,2006-01-01,新設,M02150,M02120
1330,2006-01-01,新設,M02151,M02120
1331,2006-01-01,新設,M02152,M02120
1332,2006-01-01,新設,M02154,M02120
1333,2006-01-01,新設,M02157,M02120
1334,2006-01-01,新設,M02158,M02120
1335,2006-01-01,新設,M02159,M02120
1336,2006-01-01,新設,M02161,M02120
1337,2005-02-07,編入,M02121,M02121
1338,2005-02-07,編入,M02146,M02121
1339,2005-11-01,新設,M02122,M02122
1340,2005-11-01,新設,M02172,M02122
1341,2005-11-01,新設,M02173,M02122
1342,2005-11-01,新設,M02178,M02122
1343,2005-01-01,新設,M02123,M02123
1344,2005-01-01,新設,M02160,M02123
1345,2005-01-01,新設,M02163,M02123
1346,2005-01-01,新設,M02164,M02123
1347,2005-01-01,新設,M02165,M02123
1348,2004-12-06,新設,M02124,M02124
1349,2004-12-06,新設,M02136,M02124
1350,2004-12-06,新設,M02137,M02124
1351,2004-11-01,新設,M02125,M02135
1352,2004-11-01,新設,M02183,M02135
1353,2004-11-01,新設,M02184,M02135
1354,2004-11-01,新設,M02185,M02135
1355,2004-11-01,新設,M02186,M02135
1356,2004-11-01,新設,M02187,M02135
1357,2005-01-11,新設,M02129,M02129
1358,2005-01-11,新設,M02149,M02129
1359,2005-11-01,新設,M02131,M02131
1360,2005-11-01,新設,M02199,M02131
1361,1970-08-01,市制施行,M02132,M02132
1362,2003-12-01,新設,M02140,M02133
1363,2003-12-01,新設,M02141,M02133
1364,2003-12-01,新設,M02142,M02133
1365,2003-12-01,新設,M02144,M02133
1366,2004-10-01,新設,M02188,M02134
1367,2004-10-01,新設,M02189,M02134
1368,2004-10-01,新設,M02190,M02134
1369,2004-10-01,新設,M02191,M02134
1370,2004-10-01,新設,M02192,M02134
1371,1989-05-01,町制施行,M02139,M02139
1372,1977-01-15,町制施行,M02154,M02154
1373,1986-04-01,町制施行,M02163,M02163
1374,2006-01-01,新設,M02166,M02166
1375,2006-01-01,新設,M02169,M02166
1376,2006-01-10,新設,M02168,M02168
1377,2006-01-10,新設,M02170,M02168
1378,2005-10-01,新設,M02174,M02182
1379,2005-10-01,新設,M02175,M02182
1380,2005-02-14,新設,M02176,M02181
1381,2005-02-14,新設,M02177,M02181
1382,2005-02-14,新設,M02179,M02181
1383,1970-08-01,名称変更,M02193,M02193
1384,2005-10-11,新設,M02193,M02196
1385,2005-10-11,新設,M02195,M02196
1386,2006-01-10,新設,M02198,M02198
1387,2006-01-10,新設,M02200,M02198
1388,2006-03-20,編入,M02201,M02201
1389,2006-03-20,編入,M02215,M02201
1390,2006-02-13,新設,M02203,M02203
1391,2006-02-13,新設,M02249,M02203
1392,2006-02-13,新設,M02253,M02203
1393,2010-01-01,編入,M02203,M02203
1394,2010-01-01,編入,M02250,M02203
1395,2010-01-01,編入,M02251,M02203
1396,2010-01-01,編入,M02254,M02203
1397,2010-01-01,編入,M02255,M02203
1398,2010-01-01,編入,M02257,M02203
1399,2010-01-01,編入,M02259,M02203
1400,2010-03-21,新設,M02204,M02204
1401,2010-03-21,新設,M02227,M02204
1402,2005-02-11,新設,M02205,M02213
1403,2005-02-11,新設,M02231,M02213
1404,2005-02-11,新設,M02232,M02213
1405,2005-02-11,新設,M02235,M02213
1406,2005-02-11,新設,M02236,M02213
1407,1970-07-01,市制施行,M02207,M02207
1408,2001-10-01,市制施行,M02208,M02208
1409,2004-10-01,新設,M02222,M02209
1410,2004-10-01,新設,M02223,M02209
1411,2004-10-01,新設,M02224,M02209
1412,2004-10-01,新設,M02225,M02209
1413,2004-10-01,新設,M02226,M02209
1414,2004-10-01,新設,M02218,M02210
1415,2004-10-01,新設,M02219,M02210
1416,2004-10-01,新設,M02220,M02211
1417,2004-10-01,新設,M02221,M02211
1418,2005-01-01,新設,M02260,M02212
1419,2005-01-01,新設,M02261,M02212
1420,2005-01-01,新設,M02262,M02212
1421,2005-01-01,新設,M02263,M02212
1422,2005-01-01,新設,M02264,M02212
1423,2005-01-01,新設,M02265,M02212
1424,2006-01-01,編入,M02213,M02213
1425,2006-01-01,編入,M02228,M02213
1426,2006-01-01,編入,M02233,M02213
1427,2005-02-14,新設,M02244,M02214
1428,2005-02-14,新設,M02246,M02214
1429,2005-02-14,新設,M02247,M02214
1430,2005-10-01,編入,M02214,M02214
1431,2005-10-01,編入,M02248,M02214
1432,1971-02-11,町制施行,M02235,M02235
1433,2006-02-13,新設,M02237,M02239
1434,2006-02-13,新設,M02238,M02239
1435,1971-02-11,町制施行,M02241,M02241
1436,1971-02-01,町制施行,M02246,M02246
1437,1971-04-01,町制施行,M02253,M02253
1438,1971-04-01,町制施行,M02257,M02257
1439,1971-04-01,町制施行,M02259,M02259
1446,2006-01-01,編入,M02267,M02267
1447,2006-01-01,編入,M02306,M02267
1448,2006-01-01,編入,M02307,M02267
1449,2006-01-01,編入,M02308,M02267
1450,1972-05-03,市制施行,M02273,M02273
1451,1972-10-01,市制施行,M02274,M02274
1452,1977-11-01,市制施行,M02276,M02276
1453,1997-04-01,市制施行,M02277,M02277
1454,2004-04-01,新設,M02314,M02278
1455,2004-04-01,新設,M02315,M02278
1456,2004-04-01,新設,M02316,M02278
1457,2004-04-01,新設,M02317,M02278
1458,2004-04-01,新設,M02318,M02278
1459,2004-04-01,新設,M02319,M02278
1460,2006-01-01,新設,M02298,M02279
1461,2006-01-01,新設,M02299,M02279
1462,2006-01-01,新設,M02300,M02279
1463,2006-01-01,新設,M02302,M02279
1464,2007-03-12,新設,M02290,M02280
1465,2007-03-12,新設,M02291,M02280
1466,2007-03-12,新設,M02292,M02280
1467,2005-10-11,新設,M02301,M02305
1468,2005-10-11,新設,M02303,M02305
1469,2005-10-11,新設,M02304,M02305
1470,2006-03-01,新設,M02309,M02313
1471,2006-03-01,新設,M02310,M02313
1472,2006-03-01,新設,M02312,M02313
1481,2005-02-01,編入,M02321,M02321
1482,2005-02-01,編入,M02369,M02321
1483,1970-07-01,市制施行,M02348,M02348
1484,1970-07-01,市制施行,M02349,M02349
1485,1971-11-03,市制施行,M02350,M02350
1486,1987-10-01,市制施行,M02351,M02351
1487,1991-10-01,市制施行,M02352,M02352
1488,1977-04-01,町制施行,M02355,M02355
1489,1972-10-20,新設,M02361,M02352
1490,1972-10-20,新設,M02362,M02352
1497,2006-03-27,編入,M02373,M02373
1498,2006-03-27,編入,M02421,M02373
1499,2006-03-27,編入,M02434,M02373
1500,2006-03-27,編入,M02417,M02373
1501,2006-03-27,編入,M02416,M02373
1502,2006-02-11,新設,M02377,M02377
1503,2006-02-11,新設,M02474,M02377
1504,2005-04-01,新設,M02381,M02381
1505,2005-04-01,新設,M02438,M02381
1506,2005-04-01,新設,M02439,M02381
1507,2005-04-01,新設,M02441,M02381
1508,2005-04-01,新設,M02442,M02381
1509,2005-04-01,新設,M02443,M02381
1510,1979-02-01,編入,M02382,M02382
1511,1979-02-01,編入,M02415,M02382
1512,2005-10-01,新設,M02383,M02402
1513,2005-10-01,新設,M02424,M02402
1514,2005-10-01,新設,M02425,M02402
1515,2005-10-01,新設,M02426,M02402
1516,2005-10-01,新設,M02385,M02385
1517,2005-10-01,新設,M02411,M02385
1518,2005-10-24,編入,M02387,M02387
1519,2005-10-24,編入,M02404,M02387
1520,1999-04-01,新設,M02464,M02393
1521,1999-04-01,新設,M02467,M02393
1522,1999-04-01,新設,M02468,M02393
1523,1999-04-01,新設,M02469,M02393
1524,2019-05-01,名称変更,M02393,M02393
1525,2004-04-01,新設,M02450,M02395
1526,2004-04-01,新設,M02451,M02395
1527,2004-04-01,新設,M02452,M02395
1528,2004-04-01,新設,M02453,M02395
1529,2004-11-01,新設,M02458,M02396
1530,2004-11-01,新設,M02459,M02396
1531,2004-11-01,新設,M02460,M02396
1532,2004-11-01,新設,M02461,M02396
1533,2004-11-01,新設,M02462,M02396
1534,2004-11-01,新設,M02463,M02396
1535,2005-01-11,新設,M02476,M02397
1536,2005-01-11,新設,M02477,M02397
1537,2005-01-11,新設,M02478,M02397
1538,2005-01-11,新設,M02479,M02397
1539,2005-04-01,新設,M02454,M02398
1540,2005-04-01,新設,M02455,M02398
1541,2005-04-01,新設,M02456,M02398
1542,2005-04-01,新設,M02457,M02398
1543,2005-04-01,新設,M02470,M02399
1544,2005-04-01,新設,M02471,M02399
1545,2005-04-01,新設,M02472,M02399
1546,2005-04-01,新設,M02473,M02399
1547,2005-04-01,新設,M02475,M02399
1548,2005-04-01,新設,M02433,M02400
1549,2005-04-01,新設,M02435,M02400
1550,2005-04-01,新設,M02436,M02400
1551,2005-04-01,新設,M02437,M02400
1552,2006-03-20,新設,M02405,M02401
1553,2006-03-20,新設,M02406,M02401
1554,2006-03-20,新設,M02407,M02401
1555,2005-11-01,新設,M02408,M02412
1556,2005-11-01,新設,M02409,M02412
1557,2005-11-01,新設,M02410,M02412
1558,2005-11-07,新設,M02418,M02423
1559,2005-11-07,新設,M02422,M02423
1560,2005-10-01,新設,M02429,M02429
1561,2005-10-01,新設,M02430,M02429
1562,2005-10-01,新設,M02431,M02429
1563,2005-10-01,新設,M02432,M02429
1564,2005-04-01,新設,M02440,M02448
1565,2005-04-01,新設,M02444,M02448
1566,2005-04-01,新設,M02446,M02448
1567,2005-10-01,新設,M02445,M02449
1568,2005-10-01,新設,M02447,M02449
1569,1975-03-28,新設,M02464,M02464
1570,1975-03-28,新設,M02465,M02464
1571,1975-03-28,新設,M02466,M02464
1572,2005-04-01,編入,M02480,M02480
1573,2005-04-01,編入,M02492,M02480
1574,2005-04-01,編入,M02493,M02480
1575,2005-09-25,編入,M02486,M02486
1576,2005-09-25,編入,M02528,M02486
1577,2005-09-25,編入,M02531,M02486
1578,1971-11-01,市制施行,M02488,M02488
1579,1991-10-01,市制施行,M02489,M02489
1580,2004-10-01,新設,M02515,M02490
1581,2004-10-01,新設,M02516,M02490
1582,2006-01-01,新設,M02507,M02491
1583,2006-01-01,新設,M02508,M02491
1584,2006-01-01,新設,M02509,M02491
1585,2006-01-01,新設,M02510,M02491
1586,1991-10-24,名称変更,M02493,M02493
1587,1971-02-01,町制施行,M02497,M02497
1588,1986-04-01,町制施行,M02501,M02501
1589,1975-04-01,町制施行,M02503,M02503
1590,1974-04-01,町制施行,M02505,M02505
1591,1972-12-01,町制施行,M02519,M02519
1592,1971-12-01,町制施行,M02523,M02523
1593,2005-04-01,新設,M02538,M02538
1594,2005-04-01,新設,M02546,M02538
1595,2006-03-01,新設,M02539,M02539
1596,2006-03-01,新設,M02557,M02539
1597,2005-05-01,新設,M02542,M02542
1598,2005-05-01,新設,M02573,M02542
1599,2005-05-01,新設,M02580,M02542
1600,2005-05-01,新設,M02581,M02542
1601,2005-05-01,新設,M02591,M02542
1602,2005-10-01,新設,M02543,M02543
1603,2005-10-01,新設,M02590,M02543
1604,2005-11-07,新設,M02550,M02544
1605,2005-11-07,新設,M02551,M02544
1606,2005-11-07,新設,M02552,M02544
1607,2005-11-07,新設,M02553,M02544
1608,2005-11-07,新設,M02554,M02544
1609,2006-04-01,市制施行,M02545,M02545
1610,2006-01-01,新設,M02547,M02549
1611,2006-01-01,新設,M02548,M02549
1612,2005-10-01,編入,M02556,M02556
1613,2005-10-01,編入,M02560,M02556
1614,2006-01-01,新設,M02563,M02566
1615,2006-01-01,新設,M02564,M02566
1616,2006-01-01,新設,M02565,M02566
1617,2005-05-01,新設,M02570,M02578
1618,2005-05-01,新設,M02571,M02578
1619,2005-05-01,新設,M02572,M02578
1620,2004-10-01,新設,M02574,M02577
1621,2004-10-01,新設,M02575,M02577
1622,2006-03-01,新設,M02579,M02579
1623,2006-03-01,新設,M02583,M02579
1624,2005-04-01,新設,M02585,M02593
1625,2005-04-01,新設,M02588,M02593
1626,2004-11-01,編入,M02594,M02594
1627,2004-11-01,編入,M02598,M02594
1628,2004-11-01,編入,M02600,M02594
1629,2004-11-01,編入,M02603,M02594
1630,2004-11-01,編入,M02606,M02594
1631,2004-11-01,編入,M02607,M02594
1632,2004-11-01,編入,M02610,M02594
1633,2004-11-01,編入,M02611,M02594
1634,2004-11-01,編入,M02612,M02594
1635,2005-03-31,新設,M02595,M02595
1636,2005-03-31,新設,M02629,M02595
1637,2005-03-22,編入,M02596,M02596
1638,2005-03-22,編入,M02617,M02596
1639,2005-03-31,新設,M02601,M02609
1640,2005-03-31,新設,M02602,M02609
1641,2005-03-31,新設,M02604,M02609
1642,2004-10-01,新設,M02613,M02622
1643,2004-10-01,新設,M02614,M02622
1644,2004-10-01,新設,M02615,M02622
1645,2005-10-01,新設,M02618,M02624
1646,2005-10-01,新設,M02619,M02624
1647,2004-09-01,新設,M02620,M02623
1648,2004-09-01,新設,M02621,M02623
1649,2004-10-01,新設,M02625,M02633
1650,2004-10-01,新設,M02626,M02633
1651,2005-01-01,新設,M02627,M02634
1652,2005-01-01,新設,M02638,M02634
1653,2005-03-28,新設,M02630,M02630
1654,2005-03-28,新設,M02631,M02630
1655,2005-03-28,新設,M02632,M02630
1656,2005-03-31,新設,M02639,M02639
1657,2005-03-31,新設,M02648,M02639
1658,2005-03-31,新設,M02649,M02639
1659,2005-03-31,新設,M02650,M02639
1660,2005-03-31,新設,M02652,M02639
1661,2005-03-31,新設,M02653,M02639
1662,2005-03-31,新設,M02654,M02639
1663,2005-03-31,新設,M02655,M02639
1664,2011-08-01,編入,M02639,M02639
1665,2011-08-01,編入,M02651,M02639
1666,2005-10-01,新設,M02640,M02640
1667,2005-10-01,新設,M02686,M02640
1668,2005-10-01,新設,M02687,M02640
1669,2005-10-01,新設,M02688,M02640
1670,2005-10-01,新設,M02689,M02640
1671,2005-03-22,新設,M02641,M02641
1672,2005-03-22,新設,M02646,M02641
1673,2005-03-22,新設,M02671,M02641
1674,2005-03-22,新設,M02672,M02641
1675,2005-03-22,新設,M02673,M02641
1676,2005-03-22,新設,M02674,M02641
1677,2011-10-01,編入,M02641,M02641
1678,2011-10-01,編入,M02670,M02641
1679,2004-11-01,編入,M02642,M02642
1680,2004-11-01,編入,M02690,M02642
1681,2004-11-01,編入,M02691,M02642
1682,2005-10-01,新設,M02643,M02643
1683,2005-10-01,新設,M02675,M02643
1684,2005-10-01,新設,M02676,M02643
1685,2004-10-01,新設,M02644,M02644
1686,2004-10-01,新設,M02656,M02644
1687,2004-10-01,新設,M02657,M02644
1688,2004-10-01,編入,M02645,M02645
1689,2004-10-01,編入,M02683,M02645
1690,2004-11-01,新設,M02661,M02647
1691,2004-11-01,新設,M02662,M02647
1692,2004-11-01,新設,M02663,M02647
1693,2004-11-01,新設,M02664,M02647
1694,2004-11-01,新設,M02665,M02647
1695,2004-11-01,新設,M02666,M02647
1696,2005-03-31,新設,M02658,M02660
1697,2005-03-31,新設,M02659,M02660
1698,2005-01-01,新設,M02667,M02669
1699,2005-01-01,新設,M02668,M02669
1700,2004-10-01,新設,M02678,M02684
1701,2004-10-01,新設,M02679,M02684
1702,2004-10-01,新設,M02680,M02685
1703,2004-10-01,新設,M02681,M02685
1704,2004-10-01,新設,M02682,M02685
1705,2005-09-25,新設,M02692,M02692
1706,2005-09-25,新設,M02693,M02692
1707,2005-10-01,新設,M02694,M02696
1708,2005-10-01,新設,M02695,M02696
1709,2004-10-01,新設,M02697,M02704
1710,2004-10-01,新設,M02698,M02704
1711,2004-10-01,新設,M02699,M02704
1712,2004-10-01,新設,M02700,M02704
1713,1971-01-08,編入,M02705,M02705
1714,1971-01-08,編入,M02721,M02705
1715,1971-01-08,編入,M02723,M02705
1716,1971-01-08,編入,M02760,M02705
1717,1971-03-08,編入,M02705,M02705
1718,1971-03-08,編入,M02744,M02705
1719,1971-03-08,編入,M02747,M02705
1720,1971-03-08,編入,M02749,M02705
1721,1971-05-01,編入,M02705,M02705
1722,1971-05-01,編入,M02739,M02705
1723,1971-05-01,編入,M02741,M02705
1724,1971-05-01,編入,M02761,M02705
1725,1975-05-01,編入,M02705,M02705
1726,1975-05-01,編入,M02742,M02705
1727,2005-03-22,編入,M02705,M02705
1728,2005-03-22,編入,M02720,M02705
1729,2005-03-22,編入,M02740,M02705
1730,2007-01-22,編入,M02705,M02705
1731,2007-01-22,編入,M02722,M02705
1732,2007-01-22,編入,M02725,M02705
1733,1971-03-08,編入,M02706,M02706
1734,1971-03-08,編入,M02748,M02706
1735,1972-05-01,編入,M02706,M02706
1736,1972-05-01,編入,M02745,M02706
1737,2005-08-01,編入,M02706,M02706
1738,2005-08-01,編入,M02752,M02706
1739,2005-08-01,編入,M02762,M02706
1740,2005-02-28,編入,M02707,M02707
1741,2005-02-28,編入,M02783,M02707
1742,2005-02-28,編入,M02787,M02707
1743,2005-02-28,編入,M02792,M02707
1744,2005-02-28,編入,M02802,M02707
1745,1974-03-20,編入,M02708,M02708
1746,1974-03-20,編入,M02743,M02708
1747,2005-03-01,編入,M02710,M02710
1748,2005-03-01,編入,M02758,M02710
1749,2005-03-01,編入,M02759,M02710
1750,1972-04-22,編入,M02711,M02711
1751,1972-04-22,編入,M02763,M02711
1752,2005-03-22,新設,M02711,M02711
1753,2005-03-22,新設,M02750,M02711
1754,2005-03-22,新設,M02751,M02711
1755,2004-10-01,新設,M02712,M02712
1756,2004-10-01,新設,M02764,M02712
1757,2004-10-01,新設,M02767,M02712
1758,2004-10-01,新設,M02768,M02712
1759,2004-10-01,新設,M02769,M02712
1760,2005-03-31,新設,M02713,M02713
1761,2005-03-31,新設,M02770,M02713
1762,2005-03-31,新設,M02771,M02713
1763,2005-03-31,新設,M02772,M02713
1764,2005-03-31,新設,M02773,M02713
1765,1971-04-01,新設,M02730,M02714
1766,1971-04-01,新設,M02732,M02714
1767,2005-03-22,新設,M02714,M02714
1768,2005-03-22,新設,M02731,M02714
1769,2005-03-22,新設,M02733,M02714
1770,2004-11-01,新設,M02736,M02715
1771,2004-11-01,新設,M02737,M02715
1772,2004-11-01,新設,M02738,M02715
1773,2005-03-07,新設,M02726,M02716
1774,2005-03-07,新設,M02727,M02716
1775,2005-03-07,新設,M02728,M02716
1776,2005-03-07,新設,M02729,M02716
1777,2005-03-31,新設,M02765,M02717
1778,2005-03-31,新設,M02774,M02717
1779,2005-03-31,新設,M02775,M02717
1780,2005-03-31,新設,M02776,M02717
1781,2005-03-31,新設,M02777,M02717
1782,2005-03-31,新設,M02778,M02717
1783,2005-03-31,新設,M02780,M02717
1784,2005-03-31,新設,M02781,M02717
1785,2005-03-31,新設,M02782,M02717
1786,2005-03-31,新設,M02789,M02718
1787,2005-03-31,新設,M02793,M02718
1788,2005-03-31,新設,M02794,M02718
1789,2005-03-31,新設,M02796,M02718
1790,2005-03-31,新設,M02797,M02718
1791,2005-03-31,新設,M02798,M02718
1792,2006-03-21,新設,M02753,M02719
1793,2006-03-21,新設,M02754,M02719
1794,2006-03-21,新設,M02755,M02719
1795,2004-10-01,新設,M02724,M02805
1796,2004-10-01,新設,M02766,M02805
1797,2006-03-01,新設,M02734,M02735
1798,2006-03-01,新設,M02735,M02735
1799,2005-03-01,新設,M02784,M02788
1800,2005-03-01,新設,M02785,M02788
1801,2005-03-01,新設,M02786,M02788
1802,2005-03-01,新設,M02788,M02788
1803,2005-03-22,新設,M02799,M02804
1804,2005-03-22,新設,M02800,M02804
1805,2005-03-22,新設,M02803,M02804
1807,1985-03-20,編入,M02835,M02806
1810,1971-04-01,編入,M02806,M02806
1811,1971-04-01,編入,M02848,M02806
1812,1971-05-20,編入,M02806,M02806
1813,1971-05-20,編入,M02849,M02806
1814,1972-04-01,編入,M02806,M02806
1815,1972-04-01,編入,M02850,M02806
1816,1972-08-27,編入,M02806,M02806
1817,1972-08-27,編入,M02845,M02806
1818,1973-03-20,編入,M02806,M02806
1819,1973-03-20,編入,M02825,M02806
1820,1973-03-20,編入,M02846,M02806
1821,1973-03-20,編入,M02847,M02806
1822,1973-03-20,編入,M02851,M02806
1823,1973-10-22,編入,M02806,M02806
1824,1973-10-22,編入,M02867,M02806
1825,1974-11-01,編入,M02806,M02806
1826,1974-11-01,編入,M02821,M02806
1827,1974-11-01,編入,M02826,M02806
1828,1975-03-20,編入,M02806,M02806
1829,1975-03-20,編入,M02823,M02806
1830,1975-03-20,編入,M02828,M02806
1831,2003-04-01,編入,M02807,M02807
1832,2003-04-01,編入,M02833,M02807
1833,2004-04-01,編入,M02807,M02807
1834,2004-04-01,編入,M02880,M02807
1835,2005-03-20,編入,M02807,M02807
1836,2005-03-20,編入,M02831,M02807
1837,2005-03-20,編入,M02832,M02807
1838,2005-03-20,編入,M02834,M02807
1839,2005-03-20,編入,M02879,M02807
1840,2005-03-20,編入,M02881,M02807
1841,2005-03-20,編入,M02882,M02807
1842,2005-03-22,新設,M02809,M02809
1843,2005-03-22,新設,M02874,M02809
1844,2005-03-22,新設,M02877,M02809
1845,2005-03-22,新設,M02889,M02809
1846,2005-03-28,編入,M02810,M02810
1847,2005-03-28,編入,M02888,M02810
1848,2005-03-28,編入,M02890,M02810
1849,2006-01-10,編入,M02810,M02810
1850,2006-01-10,編入,M02811,M02810
1851,2006-01-10,編入,M02886,M02810
1852,1974-04-01,編入,M02812,M02812
1853,1974-04-01,編入,M02899,M02812
1854,1975-02-01,編入,M02812,M02812
1855,1975-02-01,編入,M02897,M02812
1856,1975-02-01,編入,M02900,M02812
1857,2003-02-03,編入,M02812,M02812
1858,2003-02-03,編入,M02894,M02812
1859,2003-02-03,編入,M02901,M02812
1860,2005-02-01,編入,M02812,M02812
1861,2005-02-01,編入,M02895,M02812
1862,2006-03-01,編入,M02812,M02812
1863,2006-03-01,編入,M02896,M02812
1864,1975-02-01,編入,M02813,M02813
1865,1975-02-01,編入,M02898,M02813
1866,2004-04-01,編入,M02813,M02813
1867,2004-04-01,編入,M02907,M02813
1868,2004-04-01,新設,M02814,M02814
1869,2004-04-01,新設,M02909,M02814
1870,2004-04-01,新設,M02910,M02814
1871,2004-04-01,新設,M02911,M02814
1872,2004-04-01,新設,M02912,M02814
1873,2004-04-01,新設,M02913,M02814
1874,2004-04-01,新設,M02914,M02814
1875,2004-04-01,新設,M02915,M02814
1876,2005-03-31,新設,M02815,M02815
1877,2005-03-31,新設,M02908,M02815
1878,2005-03-31,新設,M02916,M02815
1879,2005-03-31,新設,M02917,M02815
1880,2005-03-31,新設,M02918,M02815
1881,2005-03-31,新設,M02919,M02815
1882,2005-03-31,新設,M02920,M02815
1883,1974-04-20,新設,M02868,M02817
1884,1974-04-20,新設,M02870,M02817
1885,1974-04-20,新設,M02871,M02817
1886,1974-04-20,新設,M02876,M02817
1887,2005-02-07,編入,M02817,M02817
1888,2005-02-07,編入,M02869,M02817
1889,2005-02-07,編入,M02872,M02817
1890,2005-02-07,編入,M02873,M02817
1891,2005-02-07,編入,M02875,M02817
1892,2005-02-07,編入,M02878,M02817
1893,1988-04-01,市制施行,M02818,M02818
1894,2003-03-01,編入,M02818,M02818
1895,2003-03-01,編入,M02839,M02818
1896,2003-03-01,編入,M02840,M02818
1897,2005-11-03,編入,M02818,M02818
1898,2005-11-03,編入,M02837,M02818
1899,2005-11-03,編入,M02841,M02818
1900,2004-03-01,新設,M02861,M02819
1901,2004-03-01,新設,M02862,M02819
1902,2004-03-01,新設,M02863,M02819
1903,2004-03-01,新設,M02864,M02819
1904,2004-03-01,新設,M02865,M02819
1905,2004-03-01,新設,M02866,M02819
1906,2004-11-01,新設,M02830,M02820
1907,2004-11-01,新設,M02842,M02820
1908,2004-11-01,新設,M02843,M02820
1909,2004-11-01,新設,M02844,M02820
1910,2004-10-01,新設,M02852,M02859
1911,2004-10-01,新設,M02853,M02859
1912,2004-10-01,新設,M02854,M02859
1913,2005-02-01,新設,M02855,M02860
1914,2005-02-01,新設,M02856,M02860
1915,2005-02-01,新設,M02857,M02860
1916,2005-02-01,新設,M02858,M02860
1917,2003-04-01,新設,M02883,M02887
1918,2003-04-01,新設,M02884,M02887
1919,2003-04-01,新設,M02885,M02887
1920,2004-10-01,新設,M02891,M02892
1921,2004-10-01,新設,M02892,M02892
1922,2004-10-01,新設,M02893,M02892
1923,2004-11-05,新設,M02902,M02906
1924,2004-11-05,新設,M02903,M02906
1925,2004-11-05,新設,M02904,M02906
1926,2004-11-05,新設,M02905,M02906
1927,2005-02-13,新設,M02921,M02921
1928,2005-02-13,新設,M02967,M02921
1929,2005-02-13,新設,M02968,M02921
1930,2005-02-13,新設,M02969,M02921
1931,2005-02-13,新設,M02970,M02921
1932,2004-11-01,編入,M02922,M02922
1933,2004-11-01,編入,M02965,M02922
1934,2005-10-01,新設,M02923,M02923
1935,2005-10-01,新設,M02961,M02923
1936,2005-10-01,新設,M02962,M02923
1937,2005-10-01,新設,M02963,M02923
1938,2005-10-01,新設,M02964,M02923
1939,2010-01-16,編入,M02923,M02923
1940,2010-01-16,編入,M02980,M02923
1941,2005-03-06,新設,M02924,M02924
1942,2005-03-06,新設,M02977,M02924
1943,2005-03-06,新設,M02979,M02924
1944,2005-03-06,新設,M02981,M02924
1945,2005-03-06,新設,M02982,M02924
1946,2005-03-06,新設,M02983,M02924
1947,2005-03-06,新設,M02984,M02924
1948,2003-04-21,新設,M02925,M02935
1949,2003-04-21,新設,M02934,M02935
1950,2003-04-21,新設,M02958,M02935
1951,2003-04-21,新設,M02959,M02935
1952,2006-03-20,新設,M02928,M02928
1953,2006-03-20,新設,M02944,M02928
1954,2006-03-20,新設,M02945,M02928
1955,2006-03-20,新設,M02946,M02928
1956,2006-03-20,新設,M02947,M02928
1957,2006-03-20,新設,M02948,M02928
1958,2006-03-20,新設,M02951,M02928
1959,2006-03-20,新設,M02952,M02928
1960,2005-03-22,新設,M02929,M02936
1961,2005-03-22,新設,M02966,M02936
1962,2004-10-04,新設,M02930,M02930
1963,2004-10-04,新設,M02955,M02930
1964,2005-03-22,新設,M02931,M02931
1965,2005-03-22,新設,M02973,M02931
1966,2005-03-22,新設,M02975,M02931
1967,2005-03-22,新設,M02976,M02931
1968,2005-02-21,新設,M02932,M02932
1969,2005-02-21,新設,M02950,M02932
1970,2008-03-21,新設,M02933,M02933
1971,2008-03-21,新設,M02971,M02933
1972,2008-03-21,新設,M02972,M02933
1973,1970-11-01,市制施行,M02934,M02934
1974,2004-10-01,新設,M02937,M02941
1975,2004-10-01,新設,M02938,M02941
1976,2004-10-01,新設,M02939,M02941
1977,2004-10-01,新設,M02940,M02941
1978,1973-04-01,町制施行,M02943,M02943
1979,1971-04-01,町制施行,M02950,M02950
1980,1971-01-15,町制施行,M02955,M02955
1981,1978-04-01,町制施行,M02975,M02975
1982,2006-03-20,編入,M02988,M02988
1983,2006-03-20,編入,M02998,M02988
1984,2006-03-20,編入,M02999,M02988
1985,2004-10-01,新設,M03023,M02989
1986,2004-10-01,新設,M03024,M02989
1987,2004-10-01,新設,M03025,M02989
1988,2004-10-01,新設,M03026,M02989
1989,2005-04-01,新設,M03019,M02990
1990,2005-04-01,新設,M03020,M02990
1991,2005-04-01,新設,M03021,M02990
1992,2005-04-01,新設,M03022,M02990
1993,2005-03-01,新設,M03028,M02991
1994,2005-03-01,新設,M03029,M02991
1995,2005-03-01,新設,M03033,M02991
1996,2005-03-01,新設,M03034,M02991
1997,2006-03-01,新設,M03036,M02992
1998,2006-03-01,新設,M03038,M02992
1999,2006-03-01,新設,M03039,M02992
2000,2006-03-01,新設,M03040,M02992
2001,2006-03-01,新設,M03042,M02992
2002,2006-03-01,新設,M03043,M02992
2003,2005-03-01,新設,M03000,M03005
2004,2005-03-01,新設,M03001,M03005
2005,2005-03-01,新設,M03002,M03005
2006,2005-03-01,新設,M03003,M03005
2007,2005-03-01,新設,M03004,M03005
2008,2006-03-31,新設,M03006,M03012
2009,2006-03-31,新設,M03007,M03012
2010,2006-03-31,新設,M03009,M03013
2011,2006-03-31,新設,M03010,M03013
2012,2006-03-31,新設,M03011,M03013
2013,1973-07-01,区域変更,M03027,M03034
2014,2005-03-01,新設,M03030,M03035
2015,2005-03-01,新設,M03031,M03035
2016,2005-03-01,新設,M03032,M03035
2017,2006-03-01,新設,M03037,M03044
2018,2006-03-01,新設,M03041,M03044
2019,2005-09-26,編入,M03045,M03045
2020,2005-09-26,編入,M03068,M03045
2021,2006-01-10,編入,M03045,M03045
2022,2006-01-10,編入,M03067,M03045
2023,2006-01-10,編入,M03066,M03045
2024,2006-01-10,編入,M03074,M03045
2025,2006-01-10,編入,M03070,M03045
2026,2006-01-10,編入,M03069,M03045
2027,2005-03-22,新設,M03046,M03046
2028,2005-03-22,新設,M03075,M03046
2029,2005-03-22,新設,M03076,M03046
2030,2005-10-11,新設,M03049,M03049
2031,2005-10-11,新設,M03088,M03049
2032,2005-10-11,新設,M03092,M03049
2033,2002-04-01,新設,M03056,M03050
2034,2002-04-01,新設,M03057,M03050
2035,2002-04-01,新設,M03058,M03050
2036,2002-04-01,新設,M03059,M03050
2037,2002-04-01,新設,M03060,M03050
2038,2003-04-01,新設,M03053,M03051
2039,2003-04-01,新設,M03054,M03051
2040,2003-04-01,新設,M03055,M03051
2041,2006-01-01,新設,M03085,M03052
2042,2006-01-01,新設,M03086,M03052
2043,2006-01-01,新設,M03087,M03052
2044,2006-01-01,新設,M03089,M03052
2045,2006-01-01,新設,M03090,M03052
2046,2006-01-01,新設,M03091,M03052
2047,2006-01-01,新設,M03093,M03052
2048,2006-03-21,新設,M03061,M03064
2049,2006-03-21,新設,M03063,M03064
2050,2006-03-21,新設,M03072,M03078
2051,2006-03-21,新設,M03073,M03078
2052,2006-03-20,新設,M03079,M03084
2053,2006-03-20,新設,M03080,M03084
2054,2006-03-20,新設,M03083,M03084
2055,2005-01-01,編入,M03094,M03094
2056,2005-01-01,編入,M03104,M03094
2057,2005-01-01,編入,M03135,M03094
2058,2005-01-16,新設,M03095,M03095
2059,2005-01-16,新設,M03117,M03095
2060,2005-01-16,新設,M03118,M03095
2061,2005-01-16,新設,M03119,M03095
2062,2005-01-16,新設,M03120,M03095
2063,2005-01-16,新設,M03121,M03095
2064,2005-01-16,新設,M03122,M03095
2065,2005-01-16,新設,M03123,M03095
2066,2005-01-16,新設,M03124,M03095
2067,2005-01-16,新設,M03129,M03095
2068,2005-01-16,新設,M03130,M03095
2069,2005-01-16,新設,M03131,M03095
2070,1974-04-01,編入,M03096,M03096
2071,1974-04-01,編入,M03167,M03096
2072,2005-08-01,新設,M03096,M03096
2073,2005-08-01,新設,M03161,M03096
2074,2005-08-01,新設,M03162,M03096
2075,2005-08-01,新設,M03166,M03096
2076,2005-03-28,新設,M03097,M03097
2077,2005-03-28,新設,M03152,M03097
2078,2003-04-01,編入,M03098,M03098
2079,2003-04-01,編入,M03111,M03098
2080,2004-11-01,新設,M03099,M03099
2081,2004-11-01,新設,M03105,M03099
2082,2004-11-01,新設,M03112,M03099
2083,2004-11-01,新設,M03114,M03099
2084,2005-01-11,新設,M03100,M03100
2085,2005-01-11,新設,M03147,M03100
2086,2005-01-11,新設,M03150,M03100
2087,2005-01-11,新設,M03151,M03100
2088,2004-04-01,新設,M03101,M03106
2089,2004-04-01,新設,M03102,M03106
2090,2004-04-01,新設,M03109,M03106
2091,2004-04-01,新設,M03110,M03106
2092,2005-04-01,新設,M03103,M03103
2093,2005-04-01,新設,M03145,M03103
2094,2005-04-01,新設,M03146,M03103
2095,1972-10-01,市制施行,M03105,M03105
2096,2004-04-01,新設,M03156,M03107
2097,2004-04-01,新設,M03157,M03107
2098,2004-04-01,新設,M03158,M03107
2099,2004-04-01,新設,M03159,M03107
2100,2004-04-01,新設,M03160,M03107
2101,2004-09-21,新設,M03133,M03108
2102,2004-09-21,新設,M03134,M03108
2103,1971-01-01,新設,M03113,M03105
2104,1971-01-01,新設,M03115,M03105
2105,2004-10-01,新設,M03125,M03132
2106,2004-10-01,新設,M03126,M03132
2107,2004-10-01,新設,M03127,M03132
2108,2004-10-01,新設,M03128,M03132
2109,2004-08-01,新設,M03136,M03141
2110,2004-08-01,新設,M03137,M03141
2111,2004-08-01,新設,M03138,M03141
2112,2004-08-01,新設,M03139,M03141
2113,2005-01-01,新設,M03140,M03148
2114,2005-01-01,新設,M03148,M03148
2115,2005-01-01,新設,M03149,M03148
2116,2005-01-01,新設,M03143,M03143
2117,2005-01-01,新設,M03144,M03143
2118,2005-04-01,新設,M03153,M03153
2119,2005-04-01,新設,M03154,M03153
2120,2005-04-01,新設,M03155,M03153
2121,2005-01-01,新設,M03163,M03168
2122,2005-01-01,新設,M03165,M03168
2123,2004-10-01,新設,M03169,M03174
2124,2004-10-01,新設,M03170,M03174
2125,2004-10-01,新設,M03171,M03174
2126,2004-10-01,新設,M03172,M03174
2127,2004-10-01,新設,M03173,M03174
2128,1972-02-01,編入,M03175,M03175
2129,1972-02-01,編入,M03203,M03175
2130,1972-02-01,編入,M03204,M03175
2131,2005-01-01,編入,M03175,M03175
2132,2005-01-01,編入,M03207,M03175
2133,2005-01-01,編入,M03208,M03175
2134,2008-01-01,編入,M03175,M03175
2135,2008-01-01,編入,M03214,M03175
2136,2005-04-10,新設,M03181,M03184
2137,2005-04-10,新設,M03236,M03184
2138,2006-03-01,新設,M03194,M03185
2139,2006-03-01,新設,M03195,M03185
2140,2006-03-01,新設,M03197,M03185
2141,2006-03-01,新設,M03198,M03185
2142,2006-03-01,新設,M03200,M03185
2143,2006-03-01,新設,M03196,M03186
2144,2006-03-01,新設,M03199,M03186
2145,2006-03-01,新設,M03201,M03186
2146,1972-04-01,町制施行,M03206,M03206
2147,2004-10-01,新設,M03211,M03217
2148,2004-10-01,新設,M03212,M03217
2149,2004-10-01,新設,M03216,M03217
2150,2005-08-01,新設,M03213,M03218
2151,2005-08-01,新設,M03215,M03218
2152,2005-08-01,新設,M03227,M03218
2153,2006-01-01,新設,M03219,M03219
2154,2006-01-01,新設,M03224,M03219
2155,2006-03-20,新設,M03222,M03230
2156,2006-03-20,新設,M03232,M03230
2157,2006-03-20,新設,M03235,M03230
2158,2005-02-01,新設,M03225,M03229
2159,2005-02-01,新設,M03226,M03229
2160,2006-03-20,新設,M03231,M03238
2161,2006-03-20,新設,M03233,M03238
2164,1971-04-05,編入,M03240,M03240
2165,1971-04-05,編入,M03282,M03240
2166,2005-02-05,編入,M03242,M03242
2167,2005-02-05,編入,M03319,M03242
2168,2005-02-05,編入,M03321,M03242
2169,2005-02-05,編入,M03324,M03242
2170,2005-02-05,編入,M03326,M03242
2171,2006-03-26,新設,M03244,M03244
2172,2006-03-26,新設,M03303,M03244
2173,2006-03-26,新設,M03304,M03244
2174,2006-03-26,新設,M03305,M03244
2175,2006-03-26,新設,M03306,M03244
2176,2005-03-21,新設,M03246,M03246
2177,2005-03-21,新設,M03334,M03246
2178,2005-03-21,新設,M03335,M03246
2179,2006-03-27,新設,M03247,M03266
2180,2006-03-27,新設,M03300,M03266
2181,2006-03-27,新設,M03301,M03266
2182,2006-03-27,新設,M03302,M03266
2183,2006-03-20,新設,M03248,M03267
2184,2006-03-20,新設,M03307,M03267
2185,2006-03-20,新設,M03308,M03267
2186,2006-10-01,編入,M03249,M03249
2187,2006-10-01,編入,M03328,M03249
2188,2010-02-01,編入,M03249,M03249
2189,2010-02-01,編入,M03327,M03249
2190,2010-02-01,編入,M03329,M03249
2191,2010-02-01,編入,M03331,M03249
2192,2010-02-01,編入,M03332,M03249
2193,1972-04-01,市制施行,M03255,M03255
2194,1972-04-01,市制施行,M03256,M03256
2195,1972-04-01,市制施行,M03257,M03257
2196,1981-04-01,市制施行,M03259,M03259
2197,2003-04-01,新設,M03259,M03259
2198,2003-04-01,新設,M03289,M03259
2199,2005-03-28,編入,M03259,M03259
2200,2005-03-28,編入,M03290,M03259
2201,1982-04-01,市制施行,M03260,M03260
2202,1992-10-01,市制施行,M03261,M03261
2203,2010-01-01,新設,M03261,M03269
2204,2010-01-01,新設,M03316,M03269
2205,2010-01-01,新設,M03317,M03269
2206,1997-10-01,市制施行,M03262,M03262
2207,2005-01-24,新設,M03287,M03263
2208,2005-01-24,新設,M03288,M03263
2209,2005-03-20,新設,M03318,M03264
2210,2005-03-20,新設,M03320,M03264
2211,2006-02-11,新設,M03297,M03265
2212,2006-02-11,新設,M03298,M03265
2213,2007-01-29,新設,M03333,M03268
2214,2007-01-29,新設,M03336,M03268
2215,2007-01-29,新設,M03337,M03268
2216,2018-10-01,市制施行,M03270,M03270
2217,2005-03-22,新設,M03309,M03313
2218,2005-03-22,新設,M03310,M03313
2219,2005-03-28,新設,M03311,M03314
2220,2005-03-28,新設,M03312,M03314
2221,2006-03-06,新設,M03340,M03347
2222,2006-03-06,新設,M03343,M03347
2223,2006-03-06,新設,M03344,M03347
2224,2006-03-20,新設,M03349,M03352
2225,2006-03-20,新設,M03350,M03352
2226,2006-03-20,新設,M03351,M03352
2227,2006-01-10,新設,M03353,M03359
2228,2006-01-10,新設,M03355,M03359
2229,2005-10-11,新設,M03356,M03358
2230,2005-10-11,新設,M03357,M03358
2231,2005-10-01,新設,M03360,M03360
2232,2005-10-01,新設,M03370,M03360
2233,2005-10-01,新設,M03374,M03360
2234,2005-10-01,新設,M03375,M03360
2235,2005-10-01,新設,M03381,M03360
2236,2007-10-01,編入,M03360,M03360
2237,2007-10-01,編入,M03371,M03360
2238,2007-10-01,編入,M03372,M03360
2239,2007-10-01,編入,M03373,M03360
2240,2005-01-01,新設,M03361,M03361
2241,2005-01-01,新設,M03395,M03361
2242,2005-01-01,新設,M03397,M03361
2243,2005-01-01,新設,M03398,M03361
2244,2005-01-01,新設,M03399,M03361
2245,2005-01-01,新設,M03400,M03361
2246,2005-01-01,新設,M03402,M03361
2247,2005-01-01,新設,M03403,M03361
2248,2006-01-01,編入,M03361,M03361
2249,2006-01-01,編入,M03396,M03361
2250,2006-03-01,新設,M03365,M03365
2251,2006-03-01,新設,M03406,M03365
2252,2006-03-01,新設,M03407,M03365
2253,2005-03-01,新設,M03391,M03367
2254,2005-03-01,新設,M03392,M03367
2255,2005-03-01,新設,M03393,M03367
2256,2005-03-01,新設,M03394,M03367
2257,2006-01-01,新設,M03414,M03368
2258,2006-01-01,新設,M03415,M03368
2259,2006-03-20,新設,M03376,M03369
2260,2006-03-20,新設,M03377,M03369
2261,2006-03-20,新設,M03380,M03369
2262,2006-03-01,新設,M03378,M03382
2263,2006-03-01,新設,M03379,M03382
2264,1971-04-01,町制施行,M03385,M03385
2265,2005-03-01,新設,M03385,M03390
2266,2005-03-01,新設,M03386,M03390
2267,2005-03-01,新設,M03387,M03390
2268,1989-11-01,町制施行,M03389,M03389
2269,2006-03-01,新設,M03404,M03404
2270,2006-03-01,新設,M03405,M03404
2271,2005-01-01,新設,M03410,M03410
2272,2005-01-01,新設,M03411,M03410
2273,2005-01-01,新設,M03412,M03410
2274,1973-03-31,編入,M03416,M03416
2275,1973-03-31,編入,M03445,M03416
2276,2005-01-04,編入,M03416,M03416
2277,2005-01-04,編入,M03430,M03416
2278,2005-01-04,編入,M03431,M03416
2279,2005-01-04,編入,M03432,M03416
2280,2005-01-04,編入,M03433,M03416
2281,2005-01-04,編入,M03434,M03416
2282,2005-01-04,編入,M03444,M03416
2283,2006-01-04,編入,M03416,M03416
2284,2006-01-04,編入,M03438,M03416
2285,2005-04-01,編入,M03417,M03417
2286,2005-04-01,編入,M03481,M03417
2287,2005-04-01,編入,M03482,M03417
2288,2006-03-31,編入,M03417,M03417
2289,2006-03-31,編入,M03472,M03417
2290,2006-03-31,編入,M03479,M03417
2291,2010-03-31,編入,M03417,M03417
2292,2010-03-31,編入,M03477,M03417
2293,2010-03-31,編入,M03478,M03417
2294,2006-01-01,編入,M03418,M03418
2295,2006-01-01,編入,M03453,M03418
2296,2005-03-01,新設,M03419,M03419
2297,2005-03-01,新設,M03435,M03419
2298,2005-03-01,新設,M03449,M03419
2299,2005-03-01,新設,M03450,M03419
2300,2005-03-01,新設,M03451,M03419
2301,2005-03-01,新設,M03452,M03419
2302,2004-08-01,新設,M03421,M03426
2303,2004-08-01,新設,M03483,M03426
2304,2004-08-01,新設,M03484,M03426
2305,2004-08-01,新設,M03485,M03426
2306,2004-08-01,新設,M03486,M03426
2307,2004-08-01,新設,M03487,M03426
2308,2005-10-01,新設,M03422,M03422
2309,2005-10-01,新設,M03469,M03422
2310,2005-10-01,新設,M03470,M03422
2311,2005-10-01,新設,M03473,M03422
2312,2006-01-01,新設,M03423,M03423
2313,2006-01-01,新設,M03474,M03423
2314,2006-01-01,新設,M03476,M03423
2315,2004-03-01,新設,M03499,M03424
2316,2004-03-01,新設,M03500,M03424
2317,2004-03-01,新設,M03502,M03424
2318,2004-03-01,新設,M03504,M03424
2319,2004-03-01,新設,M03505,M03424
2320,2004-03-01,新設,M03506,M03424
2321,2004-03-01,新設,M03494,M03425
2322,2004-03-01,新設,M03495,M03425
2323,2004-03-01,新設,M03496,M03425
2324,2004-03-01,新設,M03498,M03425
2325,2005-04-01,新設,M03439,M03427
2326,2005-04-01,新設,M03440,M03427
2327,2005-04-01,新設,M03441,M03427
2328,2005-04-01,新設,M03442,M03427
2329,2005-04-01,新設,M03443,M03427
2330,2005-10-11,新設,M03454,M03428
2331,2005-10-11,新設,M03455,M03428
2332,2005-10-11,新設,M03456,M03428
2333,2005-10-11,新設,M03457,M03428
2334,2005-10-11,新設,M03458,M03428
2335,2005-10-11,新設,M03459,M03428
2336,2005-10-11,新設,M03460,M03428
2337,2006-03-31,新設,M03461,M03429
2338,2006-03-31,新設,M03462,M03429
2339,2006-03-31,新設,M03463,M03429
2340,2006-03-31,新設,M03464,M03429
2341,2006-03-31,新設,M03465,M03429
2342,2006-03-31,新設,M03466,M03429
2343,2006-03-31,新設,M03467,M03429
2344,2006-03-31,新設,M03468,M03429
2345,1975-01-01,町制施行,M03476,M03476
2346,2004-08-01,新設,M03488,M03493
2347,2004-08-01,新設,M03489,M03493
2348,2004-08-01,新設,M03490,M03493
2349,2004-08-01,新設,M03491,M03493
2350,2004-08-01,新設,M03492,M03493
2351,1970-08-01,町制施行,M03498,M03498
2352,1975-04-01,町制施行,M03502,M03502
2353,1976-04-01,町制施行,M03504,M03504
2354,1970-11-01,編入,M03507,M03507
2355,1970-11-01,編入,M03529,M03507
2356,1991-02-01,編入,M03507,M03507
2357,1991-02-01,編入,M03523,M03507
2358,1991-02-01,編入,M03528,M03507
2359,1991-02-01,編入,M03526,M03507
2360,1991-02-01,編入,M03924,M03507
2361,2008-10-06,編入,M03507,M03507
2362,2008-10-06,編入,M03534,M03507
2363,2010-03-23,編入,M03507,M03507
2364,2010-03-23,編入,M03532,M03507
2365,2010-03-23,編入,M03556,M03507
2366,2005-08-01,新設,M03508,M03508
2367,2005-08-01,新設,M03584,M03508
2368,2005-08-01,新設,M03586,M03508
2369,2005-08-01,新設,M03587,M03508
2370,2005-08-01,新設,M03591,M03508
2371,2005-08-01,新設,M03592,M03508
2372,2005-10-03,新設,M03512,M03512
2373,2005-10-03,新設,M03543,M03512
2374,2005-10-03,新設,M03544,M03512
2375,2005-10-03,新設,M03545,M03512
2376,2006-03-27,新設,M03513,M03521
2377,2006-03-27,新設,M03515,M03521
2378,2006-03-27,新設,M03614,M03521
2379,2006-03-27,新設,M03617,M03521
2380,2006-03-27,新設,M03618,M03521
2381,2006-03-27,新設,M03619,M03521
2382,2006-03-27,新設,M03620,M03521
2383,2006-03-27,新設,M03621,M03521
2384,2006-03-27,新設,M03623,M03521
2385,2006-03-27,新設,M03624,M03521
2386,2005-01-15,新設,M03514,M03514
2387,2005-01-15,新設,M03552,M03514
2388,2005-01-15,新設,M03553,M03514
2389,2005-01-15,新設,M03554,M03514
2390,2005-01-15,新設,M03555,M03514
2391,2005-03-22,新設,M03516,M03516
2392,2005-03-22,新設,M03557,M03516
2393,2005-03-22,新設,M03558,M03516
2394,2005-03-22,新設,M03562,M03516
2395,2004-03-31,新設,M03612,M03518
2396,2004-03-31,新設,M03613,M03518
2397,2004-03-31,新設,M03615,M03518
2398,2004-03-31,新設,M03616,M03518
2399,2005-01-15,新設,M03530,M03519
2400,2005-01-15,新設,M03531,M03519
2401,2005-01-15,新設,M03535,M03519
2402,2005-01-15,新設,M03536,M03519
2403,2005-01-15,新設,M03538,M03519
2404,2005-02-11,新設,M03564,M03520
2405,2005-02-11,新設,M03565,M03520
2406,2005-02-11,新設,M03569,M03520
2407,2006-02-27,新設,M03561,M03522
2408,2006-02-27,新設,M03563,M03522
2409,1971-04-01,町制施行,M03924,M03924
2410,1971-11-01,町制施行,M03526,M03526
2411,1971-04-01,町制施行,M03528,M03528
2412,1971-08-01,町制施行,M03534,M03534
2413,2000-07-01,町制施行,M03538,M03538
2414,1975-09-01,町制施行,M03540,M03540
2415,2004-11-01,新設,M03540,M03542
2416,2004-11-01,新設,M03541,M03542
2417,2006-03-01,新設,M03547,M03551
2418,2006-03-01,新設,M03548,M03551
2419,2005-02-11,新設,M03570,M03583
2420,2005-02-11,新設,M03581,M03583
2421,2005-02-11,新設,M03582,M03583
2422,2005-02-13,新設,M03572,M03576
2423,2005-02-13,新設,M03573,M03576
2424,2005-02-13,新設,M03574,M03576
2425,1976-09-01,町制施行,M03586,M03586
2426,1974-04-01,町制施行,M03589,M03589
2427,2005-10-01,新設,M03589,M03593
2428,2005-10-01,新設,M03590,M03593
2429,2005-01-01,新設,M03594,M03595
2430,2005-01-01,新設,M03595,M03595
2431,1970-11-01,新設,M03595,M03595
2432,1970-11-01,新設,M03596,M03595
2433,2003-04-01,新設,M03599,M03611
2434,2003-04-01,新設,M03600,M03611
2435,2003-04-01,新設,M03601,M03611
2436,2003-04-01,新設,M03605,M03611
2437,2003-04-01,新設,M03606,M03611
2438,2005-01-01,編入,M03625,M03625
2439,2005-01-01,編入,M03649,M03625
2440,2005-01-01,編入,M03653,M03625
2441,2005-03-01,編入,M03627,M03627
2442,2005-03-01,編入,M03680,M03627
2443,2005-03-01,編入,M03681,M03627
2444,2005-03-01,編入,M03682,M03627
2445,2005-03-01,編入,M03683,M03627
2446,2005-03-22,編入,M03628,M03628
2447,2005-03-22,編入,M03675,M03628
2448,2005-03-22,編入,M03676,M03628
2449,2005-03-22,編入,M03677,M03628
2450,2005-03-22,編入,M03678,M03628
2451,2005-03-22,編入,M03679,M03628
2452,2005-03-03,新設,M03629,M03629
2453,2005-03-03,新設,M03654,M03629
2454,2005-03-03,新設,M03655,M03629
2455,2005-03-03,新設,M03656,M03629
2456,2005-03-03,新設,M03657,M03629
2457,2005-03-03,新設,M03658,M03629
2458,2005-03-03,新設,M03659,M03629
2459,2005-03-03,新設,M03660,M03629
2460,2005-03-03,新設,M03661,M03629
2461,2005-01-01,新設,M03630,M03630
2462,2005-01-01,新設,M03662,M03630
2463,2005-04-01,新設,M03632,M03632
2464,2005-04-01,新設,M03670,M03632
2465,2005-04-01,新設,M03671,M03632
2466,2005-04-01,新設,M03672,M03632
2467,2005-03-31,新設,M03633,M03633
2468,2005-03-31,新設,M03640,M03633
2469,2005-03-31,新設,M03641,M03633
2470,2005-10-01,新設,M03634,M03634
2471,2005-10-01,新設,M03639,M03634
2472,2005-10-01,新設,M03648,M03634
2473,2005-03-31,新設,M03635,M03635
2474,2005-03-31,新設,M03684,M03635
2475,2005-03-31,新設,M03685,M03635
2476,2005-03-31,新設,M03663,M03636
2477,2005-03-31,新設,M03664,M03636
2478,2005-03-31,新設,M03665,M03636
2479,2005-03-31,新設,M03666,M03636
2480,2005-03-31,新設,M03667,M03636
2481,2005-03-31,新設,M03668,M03636
2482,2005-03-31,新設,M03669,M03636
2483,2005-10-01,新設,M03650,M03637
2484,2005-10-01,新設,M03651,M03637
2485,2005-10-01,新設,M03652,M03637
2486,2006-03-31,新設,M03642,M03638
2487,2006-03-31,新設,M03644,M03638
2488,2006-03-31,新設,M03645,M03638
2489,2006-03-31,新設,M03646,M03638
2490,2006-01-01,編入,M03686,M03686
2491,2006-01-01,編入,M03697,M03686
2492,2006-01-01,編入,M03709,M03686
2493,2006-01-01,編入,M03696,M03686
2494,2010-03-23,編入,M03686,M03686
2495,2010-03-23,編入,M03695,M03686
2496,2006-01-01,新設,M03687,M03687
2497,2006-01-01,新設,M03701,M03687
2498,2006-01-01,新設,M03702,M03687
2499,2006-01-01,新設,M03703,M03687
2500,2006-01-01,新設,M03704,M03687
2501,2006-02-20,編入,M03688,M03688
2502,2006-02-20,編入,M03725,M03688
2503,2006-02-20,編入,M03729,M03688
2504,2007-03-31,編入,M03688,M03688
2505,2007-03-31,編入,M03727,M03688
2506,2009-03-30,新設,M03689,M03689
2507,2009-03-30,新設,M03698,M03689
2508,2009-03-30,新設,M03699,M03689
2509,2006-03-20,新設,M03690,M03690
2510,2006-03-20,新設,M03707,M03690
2511,2010-03-23,編入,M03690,M03690
2512,2010-03-23,編入,M03706,M03690
2513,2006-02-25,編入,M03691,M03691
2514,2006-02-25,編入,M03720,M03691
2515,1970-12-01,市制施行,M03694,M03694
2516,1973-04-01,町制施行,M03716,M03716
2517,2006-01-01,新設,M03721,M03732
2518,2006-01-01,新設,M03722,M03732
2519,2006-01-01,新設,M03723,M03732
2520,1970-11-03,町制施行,M03725,M03725
2521,1972-11-01,町制施行,M03727,M03727
2522,1972-11-01,町制施行,M03729,M03729
2523,2004-11-01,編入,M03736,M03736
2524,2004-11-01,編入,M03762,M03736
2525,2004-11-01,編入,M03925,M03736
2526,2004-11-01,編入,M03766,M03736
2527,2004-11-01,編入,M03778,M03736
2528,2004-11-01,編入,M03779,M03736
2529,2004-10-12,新設,M03737,M03750
2530,2004-10-12,新設,M03783,M03750
2531,2004-10-12,新設,M03784,M03750
2532,2004-10-12,新設,M03785,M03750
2533,2004-10-12,新設,M03789,M03750
2534,2004-10-12,新設,M03790,M03750
2535,2004-10-12,新設,M03791,M03750
2536,2004-10-12,新設,M03792,M03750
2537,2004-10-12,新設,M03793,M03750
2538,2006-01-01,新設,M03738,M03738
2539,2006-01-01,新設,M03814,M03738
2540,2006-01-01,新設,M03821,M03738
2541,2006-01-01,新設,M03825,M03738
2542,2005-10-11,新設,M03740,M03754
2543,2005-10-11,新設,M03775,M03754
2544,2006-03-20,新設,M03742,M03757
2545,2006-03-20,新設,M03843,M03757
2546,2006-03-20,新設,M03846,M03757
2547,2006-03-13,新設,M03743,M03743
2548,2006-03-13,新設,M03796,M03743
2549,2006-03-13,新設,M03797,M03743
2550,2008-11-01,新設,M03744,M03759
2551,2008-11-01,新設,M03800,M03759
2552,2006-01-01,新設,M03745,M03745
2553,2006-01-01,新設,M03767,M03745
2554,2006-01-01,新設,M03769,M03745
2555,2005-11-07,新設,M03746,M03755
2556,2005-11-07,新設,M03770,M03755
2557,2005-11-07,新設,M03771,M03755
2558,2005-11-07,新設,M03772,M03755
2559,2005-11-07,新設,M03782,M03755
2560,2005-11-07,新設,M03747,M03753
2561,2005-11-07,新設,M03804,M03753
2562,2005-11-07,新設,M03805,M03753
2563,2005-11-07,新設,M03808,M03753
2564,2005-11-07,新設,M03809,M03753
2565,2005-11-07,新設,M03810,M03753
2566,2005-11-07,新設,M03811,M03753
2567,2005-05-01,新設,M03776,M03751
2568,2005-05-01,新設,M03777,M03751
2569,2005-05-01,新設,M03780,M03751
2570,2005-05-01,新設,M03781,M03751
2571,2005-07-01,新設,M03813,M03752
2572,2005-07-01,新設,M03815,M03752
2573,2005-07-01,新設,M03816,M03752
2574,2006-01-01,新設,M03817,M03756
2575,2006-01-01,新設,M03818,M03756
2576,2006-01-01,新設,M03819,M03756
2577,2007-12-01,新設,M03768,M03758
2578,2007-12-01,新設,M03773,M03758
2579,2007-12-01,新設,M03774,M03758
2580,2010-03-23,新設,M03801,M03760
2581,2010-03-23,新設,M03802,M03760
2582,2010-03-23,新設,M03803,M03760
2583,1972-11-01,町制施行,M03762,M03762
2584,1973-05-01,町制施行,M03925,M03925
2585,1973-04-01,区域変更,M03838,M03764
2586,1973-04-01,区域変更,M03839,M03765
2587,2005-03-22,新設,M03786,M03794
2588,2005-03-22,新設,M03787,M03794
2589,2005-03-22,新設,M03788,M03794
2590,1975-04-01,町制施行,M03796,M03796
2591,2006-03-20,新設,M03798,M03799
2592,2006-03-20,新設,M03799,M03799
2593,2005-03-22,新設,M03806,M03812
2594,2005-03-22,新設,M03807,M03812
2595,2005-07-01,新設,M03823,M03832
2596,2005-07-01,新設,M03824,M03832
2597,2005-03-22,新設,M03826,M03830
2598,2005-03-22,新設,M03828,M03830
2599,2005-03-31,新設,M03827,M03831
2600,2005-03-31,新設,M03829,M03831
2601,2007-10-01,新設,M03835,M03837
2602,2007-10-01,新設,M03836,M03837
2603,1975-02-10,町制施行,M03845,M03845
2604,2005-04-01,新設,M03855,M03866
2605,2005-04-01,新設,M03856,M03866
2606,2005-04-01,新設,M03926,M03866
2607,2005-04-01,新設,M03882,M03866
2608,1974-04-01,新設,M03857,M03864
2609,1974-04-01,新設,M03879,M03864
2610,2005-10-01,新設,M03859,M03867
2611,2005-10-01,新設,M03916,M03867
2612,2005-10-01,新設,M03917,M03867
2613,2005-10-01,新設,M03918,M03867
2614,2005-10-01,新設,M03920,M03867
2615,2002-04-01,市制施行,M03865,M03865
2616,2006-01-01,新設,M03896,M03868
2617,2006-01-01,新設,M03897,M03868
2618,2006-01-01,新設,M03899,M03868
2619,2006-01-01,新設,M03901,M03868
2620,1980-04-01,町制施行,M03877,M03877
2621,1994-01-01,町制施行,M03926,M03926
2622,1980-04-01,町制施行,M03882,M03882
2623,1976-01-01,町制施行,M03885,M03885
2624,1980-04-01,町制施行,M03887,M03887
2625,1979-04-01,町制施行,M03891,M03891
2626,1979-10-01,町制施行,M03894,M03894
2627,2006-01-01,新設,M03894,M03915
2628,2006-01-01,新設,M03895,M03915
2629,1980-06-01,町制施行,M03899,M03899
2630,1980-04-01,町制施行,M03903,M03903
2631,2002-04-01,新設,M03904,M03914
2632,2002-04-01,新設,M03905,M03914
2633,1982-04-01,町制施行,M03920,M03920
2634,1972-05-05,新設,M01271,M01264
